IATI_Identifier,Title,Description,Reporting_Organization,Reporting_Org_Ref,Reporting_Org_Type,Activity_Status,Activity_Status_Code,Start_Date,End_Date,Total_Budget,Default_Currency,Recipient_Country,Recipient_Country_Percentage,Recipient_Region,Sectors,Sector_Codes,Participating_Organizations,Participating_Org_Refs,Participating_Org_Roles,Locations,Contact_Email,Contact_Telephone,Contact_Organization,Contact_Address,Document_Links,Document_Categories,Policy_Markers,Collaboration_Type,Default_Flow_Type,Default_Finance_Type,Default_Aid_Type,Default_Tied_Status,Activity_Scope,Hierarchy,Language,Project_URL
GB-1-205246-409,Safe Return to Learning in Flood Affected Districts.,"This grant supports the establishment of Temporary Learning Centres (TLCs), the repair and rehabilitation of flood-affected schools, capacity building of teachers, and the provision of essential learning kits including books, stationery, and school bags in the flood-affected districts of South Punjab, Khyber Pakhtunkhwa, and Sindh.","UK - Foreign, Commonwealth Development Office (FCDO)",GB-GOV-1,10,Implementation,2,2025-09-24,2026-03-31,3000000.0,GBP,PK,100.0,,Immediate post-emergency reconstruction and rehabilitation,73010,"Foreign, Commonwealth and Development Office (FCDO); Foreign, Commonwealth and Development Office (FCDO); RURAL SUPPORT PROGRAMMES NETWORK",GB-GOV-1; GB-GOV-1,1; 2; 4,"Punjab, Pakistan",enquiry@fcdo.gov.uk,+44 (0) 1355 84 3132,"UK - Foreign, Commonwealth Development Office (FCDO)","Public Enquiry Point, Abercrombie House, Eaglesham Road, East Kilbride, Glasgow G75 8EA",,,,,,,,5,4,2,en,https://devtracker.fcdo.gov.uk/projects/GB-1-205246-409/summary
GB-COH-03877777-F310801-01,Daraz.pk,"Daraz is the leading online marketplace across Pakistan, Bangladesh, Myanmar, Sri Lanka and Nepal. It is a pioneer of online retail in a market collectively covering about 500 million people.The company connects buyers and sellers across a wide assortment of categories from books to consumer electronics, and from fashion to general merchandise.", British International Investment plc,GB-COH-03877777,15,Closed,4,2015-09-23,2023-09-26,0.0,USD,PK,100.0,,Consumer Staples Distribution & Retail,3010,British International Investment plc,GB-COH-03877777,1,,enquiries@bii.co.uk,+44 20 7963 4700,British International Investment plc,"BII plc, 123 Victoria Street, London, SW1E 6DE, United Kingdom",https://www.bii.co.uk/en/our-impact/investment/darazpk-investment-01/,A12,,6,10,,C01,5,,1,en,https://devtracker.fcdo.gov.uk/projects/GB-COH-03877777-F310801-01/summary
GB-COH-03877777-F310801,Daraz.pk,Equity investment supporting growth of an online retailer to buy from local clothing suppliers and to create local logistics jobs., British International Investment plc,GB-COH-03877777,15,Implementation,2,2015-09-23,,0.0,USD,PK,,,,32130,CDC Group Plc,GB-COH-03877777,1,,enquiries@cdcgroup.com,?+44 (0)20 7963 4700,CDC Group Plc,"CDC Group plc, 123 Victoria Street, London, SW1E 6DE, United Kingdom",,,,6,10,,C01,5,,1,en,https://devtracker.fcdo.gov.uk/projects/GB-COH-03877777-F310801/summary
GB-GOV-1-300435-404,Programme Funded Post - Delivering Accelerated Family Planning in Pakistan (DAFPAK) Programme,"An in-house programme funded is likely to improve effectiveness of programme interventions to influence the programme work at a bigger scale for both partners and government counterparts. DAFPAK is a complex, high value (£120m) programme in its seventh year of implementation that aims to improve access and quality of Family Planning Services. I.e. programme efforts are likely to be better sustained. Improved effectiveness across the portfolio to manage relationships with key government stakeholders and work with the institutional strengthening partner to strengthen programme coordination, effectiveness and sustainability.","UK - Foreign, Commonwealth Development Office (FCDO)",GB-GOV-1,10,Implementation,2,2024-09-11,2028-06-30,82144.0,GBP,PK,100.0,,Family planning; Reproductive health care; Environmental policy and administrative management,13030; 13020; 41010,"Foreign, Commonwealth and Development Office (FCDO); Foreign, Commonwealth and Development Office (FCDO); LE Costs",GB-GOV-1; GB-GOV-1,1; 2; 4,Punjab Pakistan; Khyber Pakhtunkhwa; Sindh; Balochistan,enquiry@fcdo.gov.uk,+44 (0) 1355 84 3132,"UK - Foreign, Commonwealth Development Office (FCDO)","Public Enquiry Point, Abercrombie House, Eaglesham Road, East Kilbride, Glasgow G75 8EA",,,,,,,,5,4,2,en,https://devtracker.fcdo.gov.uk/projects/GB-GOV-1-300435-404/summary
GB-1-204277-102,Innovation Fund rollout and monitoring through management agent,"This activity Innovation Fund rollout and monitoring through management agent is a component of Ilm Ideas Education Innovation Programme - Phase II (Ilm-2) reported by FCDO with a funding type of 104 - Procurement of Services and a budget of £4,392,393. It works in the following sector(s): Primary education, Educational research, Teacher training, Research/scientific institutions.","UK - Foreign, Commonwealth Development Office (FCDO)",GB-GOV-1,10,Closed,4,2013-09-11,2020-11-29,4392393.0,GBP,PK,100.0,,Primary education; Educational research; Teacher training; Research/scientific institutions,11220; 11182; 11130; 43082,"Foreign, Commonwealth and Development Office (FCDO); Foreign, Commonwealth and Development Office (FCDO); Mott MacDonald Limited",GB-GOV-1; GB-GOV-1; GB-COH-1110949,1; 2; 4,Pakistan,enquiry@fcdo.gov.uk,+44 (0) 1355 84 3132,"UK - Foreign, Commonwealth Development Office (FCDO)","Public Enquiry Point, Abercrombie House, Eaglesham Road, East Kilbride, Glasgow G75 8EA",,,,1,10,110,C01,5,4,2,en,https://devtracker.fcdo.gov.uk/projects/GB-1-204277-102/summary
GB-1-204277-104,Challenge fund for piloting and implementation of innovative solutions,"This activity Challenge fund for piloting and implementation of innovative solutions is a component of Ilm Ideas Education Innovation Programme - Phase II (Ilm-2) reported by FCDO with a funding type of 111 - Not for profit organisation and a budget of £19,639,809. It works in the following sector(s): Primary education, Educational research, Research/scientific institutions, Teacher training.","UK - Foreign, Commonwealth Development Office (FCDO)",GB-GOV-1,10,Closed,4,2013-09-11,2020-11-29,19639809.0,GBP,PK,100.0,,Primary education; Educational research; Teacher training; Research/scientific institutions,11220; 11182; 11130; 43082,"Foreign, Commonwealth and Development Office (FCDO); Foreign, Commonwealth and Development Office (FCDO); Mott MacDonald Limited",GB-GOV-1; GB-GOV-1; GB-COH-1110949,1; 2; 4,Pakistan,enquiry@fcdo.gov.uk,+44 (0) 1355 84 3132,"UK - Foreign, Commonwealth Development Office (FCDO)","Public Enquiry Point, Abercrombie House, Eaglesham Road, East Kilbride, Glasgow G75 8EA",,,,1,10,110,C01,5,4,2,en,https://devtracker.fcdo.gov.uk/projects/GB-1-204277-104/summary
GB-1-204277-103,Project evaluation and monitoring,"This activity Project evaluation and monitoring is a component of Ilm Ideas Education Innovation Programme - Phase II (Ilm-2) reported by FCDO with a funding type of 104 - Procurement of Services and a budget of £931,995. It works in the following sector(s): Educational research, Research/scientific institutions, Primary education.","UK - Foreign, Commonwealth Development Office (FCDO)",GB-GOV-1,10,Closed,4,2013-09-11,2020-11-29,931995.0,GBP,PK,100.0,,Educational research; Primary education; Research/scientific institutions,11182; 11220; 43082,"Foreign, Commonwealth and Development Office (FCDO); Foreign, Commonwealth and Development Office (FCDO); Coffey International Development",GB-GOV-1; GB-GOV-1; GB-COH-3799145,1; 2; 4,Pakistan,enquiry@fcdo.gov.uk,+44 (0) 1355 84 3132,"UK - Foreign, Commonwealth Development Office (FCDO)","Public Enquiry Point, Abercrombie House, Eaglesham Road, East Kilbride, Glasgow G75 8EA",,,,1,10,110,C01,5,4,2,en,https://devtracker.fcdo.gov.uk/projects/GB-1-204277-103/summary
GB-COH-03877777-F305102-06,Standard Chartered Risk Sharing Facility,"Standard Chartered plc is a British multinational bank with operations in consumer, corporate and institutional banking, and treasury services. Around 90% of its business comes from Asia, Africa, and the Middle East", British International Investment plc,GB-COH-03877777,15,Implementation,2,2016-09-07,,0.0,USD,PK,100.0,,Banks,4010,British International Investment plc,GB-COH-03877777,1,,enquiries@bii.co.uk,+44 20 7963 4700,British International Investment plc,"BII plc, 123 Victoria Street, London, SW1E 6DE, United Kingdom",https://www.bii.co.uk/en/our-impact/investment/standard-chartered-risk-sharing-facility-investment-06/,A12,,6,10,,C01,5,,1,en,https://devtracker.fcdo.gov.uk/projects/GB-COH-03877777-F305102-06/summary
GB-1-202367,Sub National Governance (SNG) - Khyber Pakhtunkhwa and Punjab,"The Sub-National Governance programme (SNG) is DFID Pakistan’s flagship programme supporting public financial management, planning and local government reform in the provinces of Punjab and Khyber Pakhtunkhwa (KP). It is a £38.1 million, 5 year programme from April 2013 to 2018.  It works in 12 districts, 6 in each province [Buner, Haripur, Nowshera, Dera Ismail Khan, Karak and Lakki Marwat in KP & Hafizabad, Mandi Bahuddin, Sheikhupura, Bahawalnagar, Sahiwal, and Vehari in Punjab]. This programme focuses on consolidating and embedding key reforms and building the capacity of government systems to take evidence-based decisions and improve health and education outcomes.

Objectives: Gender Equality: significant objective; Disability: significant objective","UK - Foreign, Commonwealth Development Office (FCDO)",GB-GOV-1,10,Closed,4,2012-09-05,2018-08-29,0.0,GBP,PK,100.0,,Decentralisation and support to subnational government; Public finance management (PFM); Construction policy and administrative management; Education facilities and training; Media and free flow of information; Technological research and development; Domestic revenue mobilisation,15112; 15111; 32310; 11120; 15153; 32182; 15114,"Foreign, Commonwealth and Development Office (FCDO); Foreign, Commonwealth and Development Office (FCDO); State Bank of Pakistan; Sarhad Rural Support Programme (SRSP); World Bank, The; Delivery Associates Ltd; Oxford Policy Management; Coffey International Development",GB-GOV-1; GB-GOV-1; 12000; 20000; 44000; GB-COH-08333641; GB-COH-3122495; GB-COH-3799145,1; 2; 4; 4; 4; 4; 4; 4,Sahiwal; Vihari; Bahawalnagar; Shekhupura; Mandi Bahauddin; Hafizabad,enquiry@fcdo.gov.uk,+44 (0) 1355 84 3132,"UK - Foreign, Commonwealth Development Office (FCDO)","Public Enquiry Point, Abercrombie House, Eaglesham Road, East Kilbride, Glasgow G75 8EA",http://iati.fcdo.gov.uk/iati_documents/42143296.odt; http://iati.fcdo.gov.uk/iati_documents/21643295.odt; http://iati.fcdo.gov.uk/iati_documents/5737066.odt; http://iati.fcdo.gov.uk/iati_documents/5405397.odt; http://iati.fcdo.gov.uk/iati_documents/5394571.odt; http://iati.fcdo.gov.uk/iati_documents/4994288.odt; http://iati.fcdo.gov.uk/iati_documents/4463646.odt; http://iati.fcdo.gov.uk/iati_documents/3937903.odt; https://www.contractsfinder.service.gov.uk/Notice/ae653562-62d4-4a27-bf9e-f26d6dd18b39; https://data.gov.uk/data/contracts-finder-archive/contract/978403/; https://www.contractsfinder.service.gov.uk/Notice/1b362725-32fa-4891-be33-13de21c562a7; https://www.contractsfinder.service.gov.uk/Notice/ea09f6db-171f-4ad9-8b1e-843d6eeb273d; https://data.gov.uk/data/contracts-finder-archive/contract/749324/,A01; A07; A08; A09; A07; A08; A07; A08; A02; A08; A07; A08; A07; A08; A01; A02; A03; A04; A05; A11; A11; A11; A11; A10,1; 5; 6; 7; 8; 11,,,,,5,4,1,en,https://devtracker.fcdo.gov.uk/projects/GB-1-202367/summary
GB-1-204603-119,Technical Expertise on Climate Change with UNDP,"This activity Technical Expertise on Climate Change with UNDP is a component of Multi-Year Humanitarian Programme in Pakistan reported by FCDO with a funding type of 104 - Procurement of Services and a budget of £64,223. It works in the following sector(s): Disaster prevention and preparedness.","UK - Foreign, Commonwealth Development Office (FCDO)",GB-GOV-1,10,Closed,4,2020-09-02,2024-09-30,64223.0,GBP,PK,100.0,,Disaster prevention and preparedness,74010,"Foreign, Commonwealth and Development Office (FCDO); Foreign, Commonwealth and Development Office (FCDO)",GB-GOV-1; GB-GOV-1,1; 2,"shangla, KPK, Pakistan; Bannu, KPK, Pakistan; Peshawar, KPK, Pakistan; Leiah; Badin; Bajaur, Pakistan; Thatta, Sindh Pakistan; Mohmand, Pakistan; Kashmor; Chitral; Dera Ismail Khan; Kohat",enquiry@fcdo.gov.uk,+44 (0) 1355 84 3132,"UK - Foreign, Commonwealth Development Office (FCDO)","Public Enquiry Point, Abercrombie House, Eaglesham Road, East Kilbride, Glasgow G75 8EA",,,,1,10,110,C01,5,4,2,en,https://devtracker.fcdo.gov.uk/projects/GB-1-204603-119/summary
GB-1-204603-120,World Health Organisation - Covid-19 Response - Phase 2,"This activity World Health Organisation - Covid-19 Response - Phase 2 is a component of Multi-Year Humanitarian Programme in Pakistan reported by FCDO with a funding type of 109 - Multilateral organisation and a budget of £2,000,057. It works in the following sector(s): Health personnel development, Medical research, Health policy and administrative management, Material relief assistance and services, Health education.","UK - Foreign, Commonwealth Development Office (FCDO)",GB-GOV-1,10,Closed,4,2020-09-02,2024-09-30,2000057.0,GBP,PK,100.0,,Health personnel development; Health policy and administrative management; Medical research; Material relief assistance and services; Health education,12281; 12110; 12182; 72010; 12261,"Foreign, Commonwealth and Development Office (FCDO); Foreign, Commonwealth and Development Office (FCDO); World Health Organization (WHO)",GB-GOV-1; GB-GOV-1; XM-DAC-928,1; 2; 4,"shangla, KPK, Pakistan; Bannu, KPK, Pakistan; Peshawar, KPK, Pakistan; Leiah; Badin; Bajaur, Pakistan; Thatta, Sindh Pakistan; Mohmand, Pakistan; Kashmor; Chitral; Dera Ismail Khan; Kohat",enquiry@fcdo.gov.uk,+44 (0) 1355 84 3132,"UK - Foreign, Commonwealth Development Office (FCDO)","Public Enquiry Point, Abercrombie House, Eaglesham Road, East Kilbride, Glasgow G75 8EA",,,,1,10,110,C01,5,4,2,en,https://devtracker.fcdo.gov.uk/projects/GB-1-204603-120/summary
GB-GOV-13-OODA-MRC-QQ9V5UK-QVL8SLV-NDMS3U7,THEHOPE-Traditional healers working with primary care and mental health for early intervention in psychosis in adolescent:intervention and feasibility,"MRC Adolescent Health looking at traditional healers working with primary care and mental health for early intervention in psychosis in adolescent:intervention and feasibility

Objectives: Research and development activity contributing to the UK’s strategy to address key development challenges.","DEPARTMENT FOR SCIENCE, INNOVATION AND TECHNOLOGY",GB-GOV-26,10,Closed,4,2021-09-01,2024-12-31,358777.20999999996,GBP,PK,100.0,,,12182,"DEPARTMENT FOR SCIENCE, INNOVATION AND TECHNOLOGY; MEDICAL RESEARCH COUNCIL; MEDICAL RESEARCH COUNCIL; KEELE UNIVERSITY",GB-GOV-26; GB-COH-RC000346; GB-COH-RC000346; GB-COH-RC000655,1; 2; 3; 4,,enquiries@odamanagement.org,,"DEPARTMENT FOR SCIENCE, INNOVATION AND TECHNOLOGY","Department for Science, Innovation and Technology, 22-26 Whitehall, London, SW1A 2EG",,,1; 5; 6; 7; 8; 10; 11; 12,1,10,110,D02,5,4,1,en,https://devtracker.fcdo.gov.uk/projects/GB-GOV-13-OODA-MRC-QQ9V5UK-QVL8SLV-NDMS3U7/summary
GB-GOV-1-300134-108,International Trade Center led Technical Assistance on Trade Policy and Trade Facilitation,This project was led by the Internatioanl Trade Center for the implementation of trade related technical assistance activities in Pakistan.,"UK - Foreign, Commonwealth Development Office (FCDO)",GB-GOV-1,10,Implementation,2,2019-10-16,2025-11-30,2930748.0,GBP,PK,100.0,,"Trade policy and administrative management; Trade facilitation; Women's rights organisations and movements, and government institutions; Domestic revenue mobilisation",33110; 33120; 15170; 15114,"Foreign, Commonwealth and Development Office (FCDO); Foreign, Commonwealth and Development Office (FCDO); INTERNATIONAL TRADE CENTRE; International Trade Centre",GB-GOV-1; GB-GOV-1; XM-DAC-45001,1; 2; 4; 4,Islamabad; Lahore; Karachi,enquiry@fcdo.gov.uk,+44 (0) 1355 84 3132,"UK - Foreign, Commonwealth Development Office (FCDO)","Public Enquiry Point, Abercrombie House, Eaglesham Road, East Kilbride, Glasgow G75 8EA",,,,1,10,110,C01,5,4,2,en,https://devtracker.fcdo.gov.uk/projects/GB-GOV-1-300134-108/summary
GB-1-201210-101,Stabilisation and Planning Support,"This activity Stabilisation and Planning Support is a component of Stabilisation Support to Pakistan reported by FCDO with a funding type of 104 - Procurement of Services and a budget of £238,299. It works in the following sector(s): Civilian peace-building, conflict prevention and resolution.","UK - Foreign, Commonwealth Development Office (FCDO)",GB-GOV-1,10,Closed,4,2009-10-07,2013-09-30,238299.0,GBP,PK,100.0,,"Civilian peace-building, conflict prevention and resolution",15220,"Foreign, Commonwealth and Development Office (FCDO); Foreign, Commonwealth and Development Office (FCDO); Crown Agents Limited",GB-GOV-1; GB-GOV-1; GB-COH-03259922,1; 2; 4,,enquiry@fcdo.gov.uk,+44 (0) 1355 84 3132,"UK - Foreign, Commonwealth Development Office (FCDO)","Public Enquiry Point, Abercrombie House, Eaglesham Road, East Kilbride, Glasgow G75 8EA",,,,1,10,110,C01,5,4,2,en,https://devtracker.fcdo.gov.uk/projects/GB-1-201210-101/summary
GB-1-204358-101,[Closed] Pakistan Economic Corridors Programme - Design Phase,"This activity [Closed] Pakistan Economic Corridors Programme - Design Phase is a component of Pakistan Economic Corridors Programme reported by FCDO with a funding type of 104 - Procurement of Services and a budget of £39,231. It works in the following sector(s): Trade facilitation, Financial policy and administrative management, Transport policy and administrative management.","UK - Foreign, Commonwealth Development Office (FCDO)",GB-GOV-1,10,Closed,4,2013-11-20,2024-09-30,39231.0,GBP,PK,100.0,,Trade facilitation; Transport policy and administrative management; Financial policy and administrative management,33120; 21010; 24010,"Foreign, Commonwealth and Development Office (FCDO); Foreign, Commonwealth and Development Office (FCDO); DAI Europe",GB-GOV-1; GB-GOV-1; GB-COH-1858644,1; 2; 4,"Hasan Abdal; Gojra; Zhob; Qila Saifullah; Sindh; PUNJAB, pakistan; Islamabad; Karachi; Ghotki; Khanewal; Shorkot; Lahore; Haripur; Havelian; Qilla Saifullah; kandhkot",enquiry@fcdo.gov.uk,+44 (0) 1355 84 3132,"UK - Foreign, Commonwealth Development Office (FCDO)","Public Enquiry Point, Abercrombie House, Eaglesham Road, East Kilbride, Glasgow G75 8EA",,,,1,10,110,C01,5,4,2,en,https://devtracker.fcdo.gov.uk/projects/GB-1-204358-101/summary
GB-1-204358-102,Support to Governments of Sindh and Punjab for Infrastructure Development through Asian Development Bank,"This activity Support to Governments of Sindh and Punjab for Infrastructure Development through Asian Development Bank is a component of Pakistan Economic Corridors Programme reported by FCDO with a funding type of 109 - Multilateral organisation and a budget of £9,112,181. It works in the following sector(s): Urban development and management, Financial policy and administrative management, Road transport.","UK - Foreign, Commonwealth Development Office (FCDO)",GB-GOV-1,10,Closed,4,2013-11-20,2024-09-30,9112181.0,GBP,PK,100.0,,Urban development and management; Financial policy and administrative management; Road transport,43030; 24010; 21020,"Foreign, Commonwealth and Development Office (FCDO); Foreign, Commonwealth and Development Office (FCDO); Asian Development Bank",GB-GOV-1; GB-GOV-1; XM-DAC-46004,1; 2; 4,"Hasan Abdal; Gojra; Zhob; Qila Saifullah; Sindh; PUNJAB, pakistan; Islamabad; Karachi; Ghotki; Khanewal; Shorkot; Lahore; Haripur; Havelian; Qilla Saifullah; kandhkot",enquiry@fcdo.gov.uk,+44 (0) 1355 84 3132,"UK - Foreign, Commonwealth Development Office (FCDO)","Public Enquiry Point, Abercrombie House, Eaglesham Road, East Kilbride, Glasgow G75 8EA",,,,1,10,110,C01,5,4,2,en,https://devtracker.fcdo.gov.uk/projects/GB-1-204358-102/summary
GB-1-204358-103,Pakistan Economic Corridors Programme - Roads Infrastructure,"This activity Pakistan Economic Corridors Programme - Roads Infrastructure is a component of Pakistan Economic Corridors Programme reported by FCDO with a funding type of 109 - Multilateral organisation and a budget of £205,700,000. It works in the following sector(s): Road transport, Trade facilitation.","UK - Foreign, Commonwealth Development Office (FCDO)",GB-GOV-1,10,Closed,4,2013-11-20,2024-09-30,205700000.0,GBP,PK,100.0,,Road transport; Trade facilitation,21020; 33120,"Foreign, Commonwealth and Development Office (FCDO); Foreign, Commonwealth and Development Office (FCDO); Asian Development Bank",GB-GOV-1; GB-GOV-1; XM-DAC-46004,1; 2; 4,"Hasan Abdal; Gojra; Zhob; Qila Saifullah; Sindh; PUNJAB, pakistan; Islamabad; Karachi; Ghotki; Khanewal; Shorkot; Lahore; Haripur; Havelian; Qilla Saifullah; kandhkot",enquiry@fcdo.gov.uk,+44 (0) 1355 84 3132,"UK - Foreign, Commonwealth Development Office (FCDO)","Public Enquiry Point, Abercrombie House, Eaglesham Road, East Kilbride, Glasgow G75 8EA",,,,1,10,110,C01,5,4,2,en,https://devtracker.fcdo.gov.uk/projects/GB-1-204358-103/summary
GB-1-204358-104,Pakistan Economic Corridors Programme - DFID Managed Technical Assistance,"This activity Pakistan Economic Corridors Programme - DFID Managed Technical Assistance is a component of Pakistan Economic Corridors Programme reported by FCDO with a funding type of 104 - Procurement of Services and a budget of £156,741. It works in the following sector(s): Road transport, Urban development and management, Financial policy and administrative management, Transport policy and administrative management, Trade facilitation.","UK - Foreign, Commonwealth Development Office (FCDO)",GB-GOV-1,10,Closed,4,2013-11-20,2024-09-30,156741.0,GBP,PK,100.0,,Road transport; Transport policy and administrative management; Financial policy and administrative management; Urban development and management; Trade facilitation,21020; 21010; 24010; 43030; 33120,"Foreign, Commonwealth and Development Office (FCDO); Foreign, Commonwealth and Development Office (FCDO); Glow Consultants; PwC; Glow Consultants; Glow Consultants; Glow Consultants; Glow Consultants; Glow Consultants; Glow Consultants; Glow Consultants",GB-GOV-1; GB-GOV-1; GB-COH-03580586; Not available; Not available; Not available; Not available; Not available; Not available; Not available,1; 2; 4; 4; 4; 4; 4; 4; 4; 4; 4,"Hasan Abdal; Gojra; Zhob; Qila Saifullah; Sindh; PUNJAB, pakistan; Islamabad; Karachi; Ghotki; Khanewal; Shorkot; Lahore; Haripur; Havelian; Qilla Saifullah; kandhkot",enquiry@fcdo.gov.uk,+44 (0) 1355 84 3132,"UK - Foreign, Commonwealth Development Office (FCDO)","Public Enquiry Point, Abercrombie House, Eaglesham Road, East Kilbride, Glasgow G75 8EA",,,,1,10,110,C01,5,4,2,en,https://devtracker.fcdo.gov.uk/projects/GB-1-204358-104/summary
GB-1-204358-105,Pakistan Economic Corridors Programme - Asian Development Bank Managed Technical Assistance,"This activity Pakistan Economic Corridors Programme - Asian Development Bank Managed Technical Assistance is a component of Pakistan Economic Corridors Programme reported by FCDO with a funding type of 109 - Multilateral organisation and a budget of £4,061,430. It works in the following sector(s): Road transport, Transport policy and administrative management, Urban development and management, Financial policy and administrative management, Trade facilitation.","UK - Foreign, Commonwealth Development Office (FCDO)",GB-GOV-1,10,Closed,4,2013-11-20,2024-09-30,4061430.0,GBP,PK,100.0,,Road transport; Transport policy and administrative management; Financial policy and administrative management; Urban development and management; Trade facilitation,21020; 21010; 24010; 43030; 33120,"Foreign, Commonwealth and Development Office (FCDO); Foreign, Commonwealth and Development Office (FCDO); Asian Development Bank",GB-GOV-1; GB-GOV-1; XM-DAC-46004,1; 2; 4,"Hasan Abdal; Gojra; Zhob; Qila Saifullah; Sindh; PUNJAB, pakistan; Islamabad; Karachi; Ghotki; Khanewal; Shorkot; Lahore; Haripur; Havelian; Qilla Saifullah; kandhkot",enquiry@fcdo.gov.uk,+44 (0) 1355 84 3132,"UK - Foreign, Commonwealth Development Office (FCDO)","Public Enquiry Point, Abercrombie House, Eaglesham Road, East Kilbride, Glasgow G75 8EA",,,,1,10,110,C01,5,4,2,en,https://devtracker.fcdo.gov.uk/projects/GB-1-204358-105/summary
GB-1-204358-106,Pakistan Economic Corridors Programme - Public Private Partnership for infrastructure development in Punjab and Sindh,"This activity Pakistan Economic Corridors Programme - Public Private Partnership for infrastructure development in Punjab and Sindh is a component of Pakistan Economic Corridors Programme reported by FCDO with a funding type of 109 - Multilateral organisation and a budget of £9,216,395. It works in the following sector(s): Urban development and management, Financial policy and administrative management.","UK - Foreign, Commonwealth Development Office (FCDO)",GB-GOV-1,10,Closed,4,2013-11-20,2024-09-30,9216395.0,GBP,PK,100.0,,Urban development and management; Financial policy and administrative management,43030; 24010,"Foreign, Commonwealth and Development Office (FCDO); Foreign, Commonwealth and Development Office (FCDO); Asian Development Bank",GB-GOV-1; GB-GOV-1; XM-DAC-46004,1; 2; 4,"Hasan Abdal; Gojra; Zhob; Qila Saifullah; Sindh; PUNJAB, pakistan; Islamabad; Karachi; Ghotki; Khanewal; Shorkot; Lahore; Haripur; Havelian; Qilla Saifullah; kandhkot",enquiry@fcdo.gov.uk,+44 (0) 1355 84 3132,"UK - Foreign, Commonwealth Development Office (FCDO)","Public Enquiry Point, Abercrombie House, Eaglesham Road, East Kilbride, Glasgow G75 8EA",,,,1,10,110,C01,5,4,2,en,https://devtracker.fcdo.gov.uk/projects/GB-1-204358-106/summary
GB-GOV-1-300575-106,Baseline Evaluation under DARE ,Funds allocated for Baseline and End line evaluation for DARE through external partners.,"UK - Foreign, Commonwealth Development Office (FCDO)",GB-GOV-1,10,Implementation,2,2021-11-17,2026-12-31,35033.0,GBP,PK,100.0,,Educational research; Education policy and administrative management,11182; 11110,"Foreign, Commonwealth and Development Office (FCDO); Foreign, Commonwealth and Development Office (FCDO); Institute of Social and Policy Sciences (I-SAPS)",GB-GOV-1; GB-GOV-1,1; 2; 4,Pakistan,enquiry@fcdo.gov.uk,+44 (0) 1355 84 3132,"UK - Foreign, Commonwealth Development Office (FCDO)","Public Enquiry Point, Abercrombie House, Eaglesham Road, East Kilbride, Glasgow G75 8EA",,,,1,10,110,C01,5,4,2,en,https://devtracker.fcdo.gov.uk/projects/GB-GOV-1-300575-106/summary
GB-COH-03877777-F326201-01,Indus Wind Energy Limited,"BII's investment is funding the creation of 150 MW of wind farms located in the Jhimpir area of the Sindh province of Pakistan. The project involves three separate schemes of 50 MW each, two developed by Liberty Mills and one by Indus Group.", British International Investment plc,GB-COH-03877777,15,Implementation,2,2019-11-13,,0.0,USD,PK,100.0,,Independent Power and Renewable Electricity Producers,551050,British International Investment plc,GB-COH-03877777,1,,enquiries@bii.co.uk,+44 20 7963 4700,British International Investment plc,"BII plc, 123 Victoria Street, London, SW1E 6DE, United Kingdom",https://www.bii.co.uk/en/our-impact/investment/indus-wind-energy-limited-investment-01/,A12,,6,10,,C01,5,,1,en,https://devtracker.fcdo.gov.uk/projects/GB-COH-03877777-F326201-01/summary
GB-COH-03877777-F326301-01,Liberty Wind Power 1 (PVT) Limited,"CDC's investment is funding the creation of 150 MW of wind farms located in the Jhimpir area of the Sindh province of Pakistan. The project involves three separate schemes of 50 MW each, two developed by Liberty Mills and one by Indus Group.", British International Investment plc,GB-COH-03877777,15,Implementation,2,2019-11-13,,0.0,USD,PK,100.0,,Independent Power and Renewable Electricity Producers,551050,British International Investment plc,GB-COH-03877777,1,,enquiries@bii.co.uk,+44 20 7963 4700,British International Investment plc,"BII plc, 123 Victoria Street, London, SW1E 6DE, United Kingdom",https://www.bii.co.uk/en/our-impact/investment/liberty-wind-power-1-pvt-limited-investment-01/,A12,,6,10,,C01,5,,1,en,https://devtracker.fcdo.gov.uk/projects/GB-COH-03877777-F326301-01/summary
GB-COH-03877777-F326401-01,Liberty Wind Power 2 (PVT) Limited,"CDC's investment is funding the creation of 150 MW of wind farms located in the Jhimpir area of the Sindh province of Pakistan. The project involves three separate schemes of 50 MW each, two developed by Liberty Mills and one by Indus Group.", British International Investment plc,GB-COH-03877777,15,Implementation,2,2019-11-13,,0.0,USD,PK,100.0,,Independent Power and Renewable Electricity Producers,551050,British International Investment plc,GB-COH-03877777,1,,enquiries@bii.co.uk,+44 20 7963 4700,British International Investment plc,"BII plc, 123 Victoria Street, London, SW1E 6DE, United Kingdom",https://www.bii.co.uk/en/our-impact/investment/liberty-wind-power-2-pvt-limited-investment-01/,A12,,6,10,,C01,5,,1,en,https://devtracker.fcdo.gov.uk/projects/GB-COH-03877777-F326401-01/summary
GB-GOV-1-300724-102,Climate Resilient Solutions for Improving Water Governance,"The Water Governance component aims to provide technical support to improve the capacity of water institutions at federal and provincial levels, such as water commissions, water regulatory authorities and irrigation departments, through data-backed water accounting and sectoral allocation. This component is being delivered through the International Water Management Institute (IWMI).","UK - Foreign, Commonwealth Development Office (FCDO)",GB-GOV-1,10,Implementation,2,2021-11-10,2028-06-30,7996839.0,GBP,PK,100.0,,Environmental policy and administrative management,41010,"Foreign, Commonwealth and Development Office (FCDO); Foreign, Commonwealth and Development Office (FCDO); International Water Management Institute; International Water Management Institute; International Water Management Institute; International Water Management Institute; International Water Management Institute; International Water Management Institute; International Water Management Institute; International Water Management Institute",GB-GOV-1; GB-GOV-1; Not available; Not available; Not available; Not available; Not available; Not available; Not available,1; 2; 4; 4; 4; 4; 4; 4; 4; 4,,enquiry@fcdo.gov.uk,+44 (0) 1355 84 3132,"UK - Foreign, Commonwealth Development Office (FCDO)","Public Enquiry Point, Abercrombie House, Eaglesham Road, East Kilbride, Glasgow G75 8EA",,,,1,10,110,C01,5,4,2,en,https://devtracker.fcdo.gov.uk/projects/GB-GOV-1-300724-102/summary
GB-GOV-1-300724-103,Scaling up Nature-based Solutions for Improving Integrated Water Resources Management and Enhanced Water Security in Pakistan,Scaling up Nature-based Solutions for Improving Integrated Water Resources Management and Enhanced Water Security in Pakistan,"UK - Foreign, Commonwealth Development Office (FCDO)",GB-GOV-1,10,Implementation,2,2021-11-10,2028-06-30,7528938.0,GBP,PK,100.0,,Environmental policy and administrative management; Disaster prevention and preparedness,41010; 74010,"Foreign, Commonwealth and Development Office (FCDO); Foreign, Commonwealth and Development Office (FCDO); WWF-UK",GB-GOV-1; GB-GOV-1,1; 2; 4,,enquiry@fcdo.gov.uk,+44 (0) 1355 84 3132,"UK - Foreign, Commonwealth Development Office (FCDO)","Public Enquiry Point, Abercrombie House, Eaglesham Road, East Kilbride, Glasgow G75 8EA",,,,1,10,110,C01,5,4,2,en,https://devtracker.fcdo.gov.uk/projects/GB-GOV-1-300724-103/summary
GB-1-203264,Building Disaster Resilience in Pakistan,"The programme aims to build resilience in communities and households in Pakistan to manage the impact of disasters by maintaining or transforming living standards in the face of shocks and stresses without compromising their long-term prospects.

Objectives: Aid Targeting the Objectives of the Framework Convention on Climate Change - Adaptation: principal objective; Disability: significant objective","UK - Foreign, Commonwealth Development Office (FCDO)",GB-GOV-1,10,Closed,4,2012-11-07,2020-12-11,0.0,GBP,PK,100.0,,Disaster prevention and preparedness,74010,"Foreign, Commonwealth and Development Office (FCDO); Foreign, Commonwealth and Development Office (FCDO); Glow Consultants; Foreign, Commonwealth and Development Office; Institute of Social and Policy Sciences; Concern Worldwide; Crown Agents Limited; Integrity Research and Consultancy Ltd; Food and Agriculture Organization of the United Nations (FAO)",GB-GOV-1; GB-GOV-1; 11000; 20000; 22000; GB-COH-03259922; GB-COH-07321996; XM-DAC-41301,1; 2; 4; 4; 4; 4; 4; 4; 4,Ghotki; Kashmore; Rajanpur; Muzaffargarh; Tharparkar; Dera Ismail Khan; Chitral; Jhang; Dadu,enquiry@fcdo.gov.uk,+44 (0) 1355 84 3132,"UK - Foreign, Commonwealth Development Office (FCDO)","Public Enquiry Point, Abercrombie House, Eaglesham Road, East Kilbride, Glasgow G75 8EA",http://iati.fcdo.gov.uk/iati_documents/56537851.odt; http://iati.fcdo.gov.uk/iati_documents/58723481.odt; http://iati.fcdo.gov.uk/iati_documents/56275066.xlsx; http://iati.fcdo.gov.uk/iati_documents/50063229.odt; http://iati.fcdo.gov.uk/iati_documents/47338048.odt; http://iati.fcdo.gov.uk/iati_documents/47337451.odt; http://iati.fcdo.gov.uk/iati_documents/33535239.odt; http://iati.fcdo.gov.uk/iati_documents/30902716.odt; http://iati.fcdo.gov.uk/iati_documents/5573566.odt; http://iati.fcdo.gov.uk/iati_documents/5515653.odt; http://iati.fcdo.gov.uk/iati_documents/5091271.odt; https://www.contractsfinder.service.gov.uk/Notice/acbc5a14-c06c-45db-bc5e-d8eddc7f199f; https://www.contractsfinder.service.gov.uk/Notice/8de9d62b-8954-4465-a995-e340f2b65cf8; https://www.contractsfinder.service.gov.uk/Notice/524e073d-d42d-484b-856c-1e8d11461436,A09; A01; A07; A08; A02; A08; A07; A08; A09; A09; A07; A08; A07; A08; A01; A02; A03; A04; A05; A07; A08; A07; A08; A11; A11; A11,1; 5; 6; 7; 8; 11,,,,,5,4,1,en,https://devtracker.fcdo.gov.uk/projects/GB-1-203264/summary
GB-1-204024-108,World Bank Trust Fund - Stability and Growth Programme - Internationl Climate Fund[NOT IN USE],"This activity World Bank Trust Fund - Stability and Growth Programme - Internationl Climate Fund[NOT IN USE] is a component of Stability and Growth Programme reported by FCDO with a funding type of 109 - Multilateral organisation and a budget of £681,280. It works in the following sector(s): Environmental policy and administrative management.","UK - Foreign, Commonwealth Development Office (FCDO)",GB-GOV-1,10,Closed,4,2016-05-18,2021-09-30,681280.0,GBP,PK,100.0,,Environmental policy and administrative management,41010,"Foreign, Commonwealth and Development Office (FCDO); Foreign, Commonwealth and Development Office (FCDO); International Bank for Reconstruction and Development (IBRD)",GB-GOV-1; GB-GOV-1; XM-DAC-44001,1; 2; 4,,enquiry@fcdo.gov.uk,+44 (0) 1355 84 3132,"UK - Foreign, Commonwealth Development Office (FCDO)","Public Enquiry Point, Abercrombie House, Eaglesham Road, East Kilbride, Glasgow G75 8EA",,,,1,10,110,C01,5,4,2,en,https://devtracker.fcdo.gov.uk/projects/GB-1-204024-108/summary
GB-1-204024-109,"Support to Government - National Cash Transfers, Benazir Income Support Programme - Internationl Climate Fund [NOT IN USE]","This activity Support to Government - National Cash Transfers, Benazir Income Support Programme - Internationl Climate Fund [NOT IN USE] is a component of Stability and Growth Programme reported by FCDO with a funding type of 108 - Non-budget support financial aid and a budget of £6,000,000. It works in the following sector(s): Social Protection.","UK - Foreign, Commonwealth Development Office (FCDO)",GB-GOV-1,10,Closed,4,2016-05-18,2021-09-30,6000000.0,GBP,PK,100.0,,Social Protection,16010,"Foreign, Commonwealth and Development Office (FCDO); Foreign, Commonwealth and Development Office (FCDO); United Nations Children's Fund (UNICEF)",GB-GOV-1; GB-GOV-1; 12000,1; 2; 4,,enquiry@fcdo.gov.uk,+44 (0) 1355 84 3132,"UK - Foreign, Commonwealth Development Office (FCDO)","Public Enquiry Point, Abercrombie House, Eaglesham Road, East Kilbride, Glasgow G75 8EA",,,,1,10,110,C01,5,4,2,en,https://devtracker.fcdo.gov.uk/projects/GB-1-204024-109/summary
GB-1-203029-108,Resilience and Shock Responsiveness [Closed component] ,"This activity Resilience and Shock Responsiveness [Closed component]  is a component of 'Pakistan National Cash Transfers Programme' reported by FCDO with a funding type of 108 - Non-budget support financial aid and a budget of £3,725,000. It works in the following sector(s): Environmental policy and administrative management.","UK - Foreign, Commonwealth Development Office (FCDO)",GB-GOV-1,10,Closed,4,2016-05-18,2023-01-05,3725000.0,GBP,PK,100.0,,Environmental policy and administrative management,41010,"Foreign, Commonwealth and Development Office (FCDO); Foreign, Commonwealth and Development Office (FCDO); Government of Khyber Pakhtunkhwa",GB-GOV-1; GB-GOV-1; 12000,1; 2; 4,Pakistan,enquiry@fcdo.gov.uk,+44 (0) 1355 84 3132,"UK - Foreign, Commonwealth Development Office (FCDO)","Public Enquiry Point, Abercrombie House, Eaglesham Road, East Kilbride, Glasgow G75 8EA",,,,1,10,110,C01,5,4,2,en,https://devtracker.fcdo.gov.uk/projects/GB-1-203029-108/summary
GB-1-113484-109,Evaluation of Skills Training,"This activity Evaluation of Skills Training is a component of Punjab Economic Opportunities Programme (PEOP) reported by FCDO with a funding type of 111 - Not for profit organisation and a budget of £1,048,914. It works in the following sector(s): Research/scientific institutions, Vocational training, Public sector policy and administrative management, Business policy and administration.","UK - Foreign, Commonwealth Development Office (FCDO)",GB-GOV-1,10,Closed,4,2014-05-14,2018-03-19,1048914.0,GBP,PK,100.0,,Research/scientific institutions; Vocational training; Public sector policy and administrative management; Business policy and administration,43082; 11330; 15110; 25010,"Foreign, Commonwealth and Development Office (FCDO); Foreign, Commonwealth and Development Office (FCDO); Centre for Economic Research in Pakistan (CERP)",GB-GOV-1; GB-GOV-1,1; 2; 4,Bahawalpur; Lodhran District; Muzaffargarh; Bahawalnagar; Shekhupura; Faisalabad; Sargodha; Chiniot,enquiry@fcdo.gov.uk,+44 (0) 1355 84 3132,"UK - Foreign, Commonwealth Development Office (FCDO)","Public Enquiry Point, Abercrombie House, Eaglesham Road, East Kilbride, Glasgow G75 8EA",,,,1,10,110,C01,5,4,2,en,https://devtracker.fcdo.gov.uk/projects/GB-1-113484-109/summary
GB-COH-03877777-F309901-01,Gulpur Hydropower,"The Gulpur Hydropower plant is one of several World Bank-funded projects located in Pakistan and is part of the Pakistan Government’s least-cost energy generation plan. The plant is being developed by Mira Power, a subsidiary of Korean company KOSEP, and lies on the Poonch River about 170km from Islamabad.", British International Investment plc,GB-COH-03877777,15,Implementation,2,2015-05-13,,0.0,USD,PK,100.0,,Independent Power and Renewable Electricity Producers,551050,British International Investment plc,GB-COH-03877777,1,,enquiries@bii.co.uk,+44 20 7963 4700,British International Investment plc,"BII plc, 123 Victoria Street, London, SW1E 6DE, United Kingdom",https://www.bii.co.uk/en/our-impact/investment/gulpur-hydropower-investment-01/,A12,,6,10,,C01,5,,1,en,https://devtracker.fcdo.gov.uk/projects/GB-COH-03877777-F309901-01/summary
GB-COH-03877777-F309901,Gulpur Hydropower,"Debt investment in the construction, operation and maintenance of a 102 MW hydropower plant, to bring down the cost of power and reduce reliance on thermal power.", British International Investment plc,GB-COH-03877777,15,Implementation,2,2015-05-13,,0.0,USD,PK,,,,23220,CDC Group Plc,GB-COH-03877777,1,,enquiries@cdcgroup.com,?+44 (0)20 7963 4700,CDC Group Plc,"CDC Group plc, 123 Victoria Street, London, SW1E 6DE, United Kingdom",,,,6,10,,C01,5,,1,en,https://devtracker.fcdo.gov.uk/projects/GB-COH-03877777-F309901/summary
GB-GOV-1-300238-101,Support to Primary School Children in BRAC Schools in Sindh,"This activity Support to Primary School Children in BRAC Schools in Sindh is a component of Sindh Education Non-State Actors (SENSA) Programme reported by FCDO with a funding type of 111 - Not for profit organisation and a budget of £2,761,507. It works in the following sector(s): Primary education.","UK - Foreign, Commonwealth Development Office (FCDO)",GB-GOV-1,10,Closed,4,2016-05-11,2022-03-31,2761507.0,GBP,PK,100.0,,Primary education,11220,"Foreign, Commonwealth and Development Office (FCDO); Foreign, Commonwealth and Development Office (FCDO); BRAC",GB-GOV-1; GB-GOV-1; BD-NAB-002,1; 2; 4,,enquiry@fcdo.gov.uk,+44 (0) 1355 84 3132,"UK - Foreign, Commonwealth Development Office (FCDO)","Public Enquiry Point, Abercrombie House, Eaglesham Road, East Kilbride, Glasgow G75 8EA",,,,1,10,110,C01,5,4,2,en,https://devtracker.fcdo.gov.uk/projects/GB-GOV-1-300238-101/summary
GB-1-202495-113,"Capital Investment in Credit, Equity and Investment deals via Special Purpose Vehicle(Karandaaz Pakistan).","Funds provided to implementing partner, Karandaaz Pakistan on approved equity, credit and wholesale details approved by Karandaaz board of directors and investment committee.","UK - Foreign, Commonwealth Development Office (FCDO)",GB-GOV-1,10,Closed,4,2018-05-09,2025-05-12,54707574.0,GBP,PK,100.0,,Small and medium-sized enterprises (SME) development; Financial policy and administrative management; Business policy and administration,32130; 24010; 25010,"Foreign, Commonwealth and Development Office (FCDO); Foreign, Commonwealth and Development Office (FCDO); Karandaaz Pakistan",GB-GOV-1; GB-GOV-1,1; 2; 4,Pakistan,enquiry@fcdo.gov.uk,+44 (0) 1355 84 3132,"UK - Foreign, Commonwealth Development Office (FCDO)","Public Enquiry Point, Abercrombie House, Eaglesham Road, East Kilbride, Glasgow G75 8EA",,,,1,10,110,C01,5,4,2,en,https://devtracker.fcdo.gov.uk/projects/GB-1-202495-113/summary
GB-1-203559-160,"R5 British Asian Trust - Economically empowering 1,650 rural women in Bahawalpur District, Pakistan","This activity R5 British Asian Trust - Economically empowering 1,650 rural women in Bahawalpur District, Pakistan is a component of UK Aid Match 2013–2016: giving the public a say in how a portion of the aid budget is spent reported by FCDO with a funding type of 111 - Not for profit organisation and a budget of £1,104,132. It works in the following sector(s): Education and training in water supply and sanitation.","UK - Foreign, Commonwealth Development Office (FCDO)",GB-GOV-1,10,Closed,4,2016-05-04,2022-09-30,1104132.0,GBP,PK,100.0,,Education and training in water supply and sanitation,14081,"Foreign, Commonwealth and Development Office (FCDO); Foreign, Commonwealth and Development Office (FCDO); British Asian Trust",GB-GOV-1; GB-GOV-1; GB-CHC-1127366,1; 2; 4,"BANGLADESH; CONGO, THE DEMOCRATIC REPUBLIC OF THE; ETHIOPIA; KENYA; MALAWI; MOZAMBIQUE; MYANMAR; NIGERIA; PAKISTAN; RWANDA; SUDAN (THE); TANZANIA, UNITED REPUBLIC OF; UGANDA; ZAMBIA; ZIMBABWE; SIERRA LEONE; Ghana; liberia; Nepal; South Sudan; Tajikistan; Afghanistan; somalia; yemen; Afghanistan; syria",enquiry@fcdo.gov.uk,+44 (0) 1355 84 3132,"UK - Foreign, Commonwealth Development Office (FCDO)","Public Enquiry Point, Abercrombie House, Eaglesham Road, East Kilbride, Glasgow G75 8EA",,,,1,10,110,C01,5,4,2,en,https://devtracker.fcdo.gov.uk/projects/GB-1-203559-160/summary
GB-1-204619-110,Strengthening Rule of Law in Pakistan Programme technical support and advice.,"This activity Strengthening Rule of Law in Pakistan Programme technical support and advice. is a component of Strengthening Rule of Law in Pakistan reported by FCDO with a funding type of 104 - Procurement of Services and a budget of £30,000. It works in the following sector(s): Legal and judicial development.","UK - Foreign, Commonwealth Development Office (FCDO)",GB-GOV-1,10,Closed,4,2017-05-03,2022-12-28,30000.0,GBP,PK,100.0,,Legal and judicial development,15130,"Foreign, Commonwealth and Development Office (FCDO); Foreign, Commonwealth and Development Office (FCDO)",GB-GOV-1; GB-GOV-1,1; 2,,enquiry@fcdo.gov.uk,+44 (0) 1355 84 3132,"UK - Foreign, Commonwealth Development Office (FCDO)","Public Enquiry Point, Abercrombie House, Eaglesham Road, East Kilbride, Glasgow G75 8EA",,,,1,10,110,C01,5,4,2,en,https://devtracker.fcdo.gov.uk/projects/GB-1-204619-110/summary
GB-GOV-26-ISPF-IUK-2BC54TT-QEVK3CS-RGAULLM,Improving access to sustainable energy in rural Pakistan using food and fiber agro-waste as a renewable fuel (SAFER),"Our project, ""Improving access to sustainable energy in rural Pakistan using food and fiber agro-waste as a renewable fuel (SAFER),"" is a bold initiative aimed at tackling the dire lack of electricity in rural areas of Pakistan especially for off-grid communities. It harnesses the immense potential of agro-waste generated from fiber production to create a sustainable and accessible source of energy. Despite Pakistan's abundant renewable energy resources, more than 50% of people in rural areas still live without electricity, heavily reliant on energy imports and fossil fuels. With only 7% of energy generation coming from renewables, there exists a significant deficit in meeting the country's energy needs.

Our innovative approach combines two cutting-edge technologies to establish a true sandpit technology, forging a circular model based on food, fiber, and energy while generating zero waste.

SAFER leverages NTU Pakistan's indigenous technology, which efficiently produces high-quality textile fibers using agro-waste from bananas. Remarkably, the fiber production process generates a second round of agro-waste, allowing us to maximize resource utilisation.
SAFER utilises ERL UK's Patent-pending and advanced thermo-chemical conversion technologies to deploy sustainable and clean energy solutions in remote areas of Pakistan. By converting agro-waste into renewable fuel, our project offers affordable and accessible energy to local industries and communities, alleviating the burden on Pakistan's overstretched energy sector. Through gasification technology, we harness the power of agro-waste to generate syngas, which are then used to produce electricity.
Beyond energy production, SAFER also targets the improvement of Pakistan's textile sector, a vital industry that serves as the country's largest exporter and employs millions of individuals. In SAFER, we utilize agro-waste, such as banana peels, to manufacture high-quality textile fibers, biochar/biofertilisers, and electricity. This not only creates value-added commodities but also facilitates effective waste management. Our approach curbs the industry's environmental footprint while mitigating the adverse effects of declining cotton production caused by environmental changes.

To ensure the commercial viability of our solution and effectively address Pakistan's energy crisis, we adopt a holistic approach to integrate systems (Food, Fiber, fertiliser, Energy) and ensure compatibility with multiple market routes and technical solutions. With SAFER, we envision a brighter future for rural Pakistan, where access to sustainable energy becomes a reality through the transformation of agro-waste into value-added products. Through these efforts, we empower local communities, contribute to Pakistan's sustainable development, and pave the way toward a brighter and more prosperous future for all.

Objectives: Our project, ""Improving access to sustainable energy in rural Pakistan using food and fiber agro-waste as a renewable fuel (SAFER),"" is a bold initiative aimed at tackling the dire lack of electricity in rural areas of Pakistan especially for off-grid communities. It harnesses the immense potential of agro-waste generated from fiber production to create a sustainable and accessible source of energy. Despite Pakistan's abundant renewable energy resources, more than 50% of people in rural areas still live without electricity, heavily reliant on energy imports and fossil fuels. With only 7% of energy generation coming from renewables, there exists a significant deficit in meeting the country's energy needs.

Our innovative approach combines two cutting-edge technologies to establish a true sandpit technology, forging a circular model based on food, fiber, and energy while generating zero waste.

SAFER leverages NTU Pakistan's indigenous technology, which efficiently produces high-quality textile fibers using agro-waste from bananas. Remarkably, the fiber production process generates a second round of agro-waste, allowing us to maximize resource utilisation.
SAFER utilises ERL UK's Patent-pending and advanced thermo-chemical conversion technologies to deploy sustainable and clean energy solutions in remote areas of Pakistan. By converting agro-waste into renewable fuel, our project offers affordable and accessible energy to local industries and communities, alleviating the burden on Pakistan's overstretched energy sector. Through gasification technology, we harness the power of agro-waste to generate syngas, which are then used to produce electricity.
Beyond energy production, SAFER also targets the improvement of Pakistan's textile sector, a vital industry that serves as the country's largest exporter and employs millions of individuals. In SAFER, we utilize agro-waste, such as banana peels, to manufacture high-quality textile fibers, biochar/biofertilisers, and electricity. This not only creates value-added commodities but also facilitates effective waste management. Our approach curbs the industry's environmental footprint while mitigating the adverse effects of declining cotton production caused by environmental changes.

To ensure the commercial viability of our solution and effectively address Pakistan's energy crisis, we adopt a holistic approach to integrate systems (Food, Fiber, fertiliser, Energy) and ensure compatibility with multiple market routes and technical solutions. With SAFER, we envision a brighter future for rural Pakistan, where access to sustainable energy becomes a reality through the transformation of agro-waste into value-added products. Through these efforts, we empower local communities, contribute to Pakistan's sustainable development, and pave the way toward a brighter and more prosperous future for all.","DEPARTMENT FOR SCIENCE, INNOVATION AND TECHNOLOGY",GB-GOV-26,10,Implementation,2,2024-05-01,2025-04-30,280247.64,GBP,PK,100.0,,,23210,"DEPARTMENT FOR SCIENCE, INNOVATION AND TECHNOLOGY; INNOVATE UK; INNOVATE UK; NORTHUMBRIA UNIVERSITY",GB-GOV-26; GB-GOV-32; GB-GOV-32; GB-UKPRN-10001282,1; 2; 3; 4,,enquiries@odamanagement.org,,"DEPARTMENT FOR SCIENCE, INNOVATION AND TECHNOLOGY","Department for Science, Innovation and Technology, 22-26 Whitehall, London, SW1A 2EG",,,1; 5; 6; 7; 8; 10; 11; 12,1,10,110,D02,5,4,1,en,https://devtracker.fcdo.gov.uk/projects/GB-GOV-26-ISPF-IUK-2BC54TT-QEVK3CS-RGAULLM/summary
GB-GOV-26-OODA-EPSRC-CAV8A74-D8KAD5F-QQUFZSX,NeuReader: Eye Tracking Enabled Explainable-AI for Empowering Resource Scarce Neurological Healthcare in Pakistan,"Neurological disorders place a significant burden on the healthcare system of Pakistan where only a handful of trained neurologists are available to serve a population of 231 million people. More than 60% of Pakistan's population resides in rural areas where healthcare is provided via basic health units (BHU) and rural health centres (RHC) which are run by junior doctors or nursing staff. These facilities do not have the manpower or resources to provide any neurological care. The aim of project NeuReader is to develop a system that helps improve the provision of neurological care to patients in Pakistan. Neurological health will be monitored using electroencephalograms (EEG) which measure the brain's electrical activity via electrodes placed on the scalp. NeuReader will leverage Artificial Intelligence and Natural Language Processing to read EEG data, diagnose neurological disorders, and provide a report explaining the problem. Simple diagnostic decisions with no explanation are not very helpful as junior medical staff administering the tests at BHUs or RHCs would also need help to increase patient awareness about their health condition. A better understanding of the diagnosis will also allow patients and their families make informed decisions about travelling to hospitals in urban areas to seek further assistance since that entails substantial travel and lodging expenses. The explainability features of NeuReader will also help neurologists (connected remotely to the system) prioritise patients based on the gravity of their conditions. Building such a system requires overcoming several technical challenges. The performance of AI systems is highly dependent on the amount and quality of data available for training them. Two types of data will be used for training: (1) EEG recordings with doctor's reports summarising them in words (2) Locations of abnormalities spotted within an EEG recording. Doctor reports will be written by neurologists during data collection. Labelling of locations of abnormalities within EEG recordings is time consuming and laborious. An EEG recording may consist of several minutes/ hours of data with abnormalities lasting only a few seconds and spread out across different locations within the recording. To avoid investing hundreds of hours labelling EEG records, eye tracking will be used to record locations of neurologist gaze patterns on a computer screen as they examine EEG data in their routine practice. These eye gaze patterns will then be used to promptly generate labels of events saving hours of highly valuable neurologist time. The recorded labels will be used to train AI algorithms that can automatically spot events of interest which can then be used to generate a text report that can be used by junior doctors and nursing staff at BHUs or RHCs to assist patients suspected of suffering from neurological disorders. A significant time will be dedicated to field studies designed to assess the needs of patients and doctors who will be the end users of this systems. The learn outcomes of these field studies will be incorporated into the final design to maximise on ground impact.

Objectives: The main objectives of the proposal are listed below:
O1) Investigate how an novel labelling techniques and explainability can exploited in the context teleneurology in Pakistan.
O2) Assess the needs of neurological patients and healthcare providers in Pakistan and its rural areas.
O3) Contribute to cutting edge research in the domains of XAI, neuroscience, and smart labelling.
O4) Incorporate the needs of users into current and future research.
O5) Contribute to global neuroscience and AI research by sharing open-access datasets, scientific tools, and research findings
O6) Lay the foundations for a teleneurology solution that can be converted into a commercially viable business.","DEPARTMENT FOR SCIENCE, INNOVATION AND TECHNOLOGY",GB-GOV-26,10,Implementation,2,2024-05-01,2026-04-30,168356.44,GBP,PK,100.0,,,12182,"DEPARTMENT FOR SCIENCE, INNOVATION AND TECHNOLOGY; ENGINEERING & PHYSICAL SCIENCES RESEARCH COUNCIL; ENGINEERING & PHYSICAL SCIENCES RESEARCH COUNCIL; ASTON UNIVERSITY",GB-GOV-26; GB-COH-RC000708; GB-COH-RC000708; GB-COH-RC000904,1; 2; 3; 4,,enquiries@odamanagement.org,,"DEPARTMENT FOR SCIENCE, INNOVATION AND TECHNOLOGY","Department for Science, Innovation and Technology, 22-26 Whitehall, London, SW1A 2EG",,,1; 5; 6; 7; 8; 10; 11; 12,1,10,110,D02,5,4,1,en,https://devtracker.fcdo.gov.uk/projects/GB-GOV-26-OODA-EPSRC-CAV8A74-D8KAD5F-QQUFZSX/summary
GB-1-201407,Pakistan Growth Policy Programme,"More productive, competitive and accessible domestic markets which are more effectively and efficiently governed and regulated by the Government.More productive, competitive and accessible domestic markets which are more effectively and efficiently governed and regulated by the Government.More productive, competitive and accessible domestic markets which are more effectively and efficiently governed and regulated by the Government.More productive, competitive and accessible domestic markets which are more effectively and efficiently governed and regulated by the Government.","UK - Foreign, Commonwealth Development Office (FCDO)",GB-GOV-1,10,Closed,4,2011-03-16,2012-10-11,0.0,GBP,PK,100.0,,Public sector policy and administrative management; Research/scientific institutions,15110; 43082,"Foreign, Commonwealth and Development Office (FCDO); Foreign, Commonwealth and Development Office (FCDO); KPMG LLP",GB-GOV-1; GB-GOV-1; GB-COH-OC301540,1; 2; 4,,enquiry@fcdo.gov.uk,+44 (0) 1355 84 3132,"UK - Foreign, Commonwealth Development Office (FCDO)","Public Enquiry Point, Abercrombie House, Eaglesham Road, East Kilbride, Glasgow G75 8EA",http://iati.fcdo.gov.uk/iati_documents/5647596.odt,A01; A02; A03; A04; A05,1; 5; 6; 7; 8,,,,,5,4,1,en,https://devtracker.fcdo.gov.uk/projects/GB-1-201407/summary
GB-1-203039,Supporting Electoral Reform in Pakistan,"Stable, inclusive and tolerant democracy in Pakistan

Objectives: Gender Equality: principal objective","UK - Foreign, Commonwealth Development Office (FCDO)",GB-GOV-1,10,Closed,4,2012-03-14,2014-12-31,0.0,GBP,PK,100.0,,Elections; Research/scientific institutions; Multisector aid,15151; 43082; 43010,"Foreign, Commonwealth and Development Office (FCDO); Foreign, Commonwealth and Development Office (FCDO); International Foundation for Electoral Systems",GB-GOV-1; GB-GOV-1; 21000,1; 2; 4,Pakistan,enquiry@fcdo.gov.uk,+44 (0) 1355 84 3132,"UK - Foreign, Commonwealth Development Office (FCDO)","Public Enquiry Point, Abercrombie House, Eaglesham Road, East Kilbride, Glasgow G75 8EA",http://iati.fcdo.gov.uk/iati_documents/4920696.odt; http://iati.fcdo.gov.uk/iati_documents/4741509.odt; http://iati.fcdo.gov.uk/iati_documents/4783969.odt; http://iati.fcdo.gov.uk/iati_documents/4750255.pdf; http://iati.fcdo.gov.uk/iati_documents/4738626.odt; http://iati.fcdo.gov.uk/iati_documents/3393568.odt; http://iati.fcdo.gov.uk/iati_documents/3717012.odt; http://iati.fcdo.gov.uk/iati_documents/4019620.odt; https://data.gov.uk/data/contracts-finder-archive/contract/1072267/,A01; A07; A08; A01; A07; A08; A07; A08; A01; A07; A08; A07; A08; A02; A08; A01; A02; A03; A04; A05; A07; A08; A11,1; 5; 6; 7; 8,,,,,5,4,1,en,https://devtracker.fcdo.gov.uk/projects/GB-1-203039/summary
GB-1-204603-104,"Consortium for Natural Disaster Preparedness, Response and Recovery in Pakistan","This activity Consortium for Natural Disaster Preparedness, Response and Recovery in Pakistan is a component of Multi-Year Humanitarian Programme in Pakistan reported by FCDO with a funding type of 105 -  Humanitarian assistance and a budget of £18,749,686. It works in the following sector(s): Material relief assistance and services, Disaster prevention and preparedness, Relief co-ordination and support services.","UK - Foreign, Commonwealth Development Office (FCDO)",GB-GOV-1,10,Closed,4,2014-03-12,2024-09-30,18749686.0,GBP,PK,100.0,,Material relief assistance and services; Disaster prevention and preparedness; Relief co-ordination and support services,72010; 74010; 72050,"Foreign, Commonwealth and Development Office (FCDO); Foreign, Commonwealth and Development Office (FCDO); International Organization for Migration (IOM); World Health Organization (WHO)",GB-GOV-1; GB-GOV-1; XM-DAC-47066; XM-DAC-928,1; 2; 4; 4,"shangla, KPK, Pakistan; Bannu, KPK, Pakistan; Peshawar, KPK, Pakistan; Leiah; Badin; Bajaur, Pakistan; Thatta, Sindh Pakistan; Mohmand, Pakistan; Kashmor; Chitral; Dera Ismail Khan; Kohat",enquiry@fcdo.gov.uk,+44 (0) 1355 84 3132,"UK - Foreign, Commonwealth Development Office (FCDO)","Public Enquiry Point, Abercrombie House, Eaglesham Road, East Kilbride, Glasgow G75 8EA",,,,1,10,110,C01,5,4,2,en,https://devtracker.fcdo.gov.uk/projects/GB-1-204603-104/summary
GB-1-204604-101,Consolidating Democracy in Pakistan (CDIP) - Design and Monitoring and Evaluation,"This activity Consolidating Democracy in Pakistan (CDIP) - Design and Monitoring and Evaluation is a component of Consolidating Democracy in Pakistan (CDIP) Programme. reported by FCDO with a funding type of 104 - Procurement of Services and a budget of £32,909. It works in the following sector(s): Elections, Democratic participation and civil society.","UK - Foreign, Commonwealth Development Office (FCDO)",GB-GOV-1,10,Closed,4,2014-03-12,2022-12-16,32909.0,GBP,PK,100.0,,Elections; Democratic participation and civil society,15151; 15150,"Foreign, Commonwealth and Development Office (FCDO); Foreign, Commonwealth and Development Office (FCDO)",GB-GOV-1; GB-GOV-1,1; 2,,enquiry@fcdo.gov.uk,+44 (0) 1355 84 3132,"UK - Foreign, Commonwealth Development Office (FCDO)","Public Enquiry Point, Abercrombie House, Eaglesham Road, East Kilbride, Glasgow G75 8EA",,,,1,10,110,C01,5,4,2,en,https://devtracker.fcdo.gov.uk/projects/GB-1-204604-101/summary
GB-1-204604-102,Consolidating Democracy in Pakistan (CDIP) - Programme Implementation,"This activity Consolidating Democracy in Pakistan (CDIP) - Programme Implementation is a component of Consolidating Democracy in Pakistan (CDIP) Programme. reported by FCDO with a funding type of 104 - Procurement of Services and a budget of £17,795,872. It works in the following sector(s): Elections, Democratic participation and civil society.","UK - Foreign, Commonwealth Development Office (FCDO)",GB-GOV-1,10,Closed,4,2014-03-12,2022-12-16,17795872.0,GBP,PK,100.0,,Elections; Democratic participation and civil society,15151; 15150,"Foreign, Commonwealth and Development Office (FCDO); Foreign, Commonwealth and Development Office (FCDO); DAI Europe",GB-GOV-1; GB-GOV-1; GB-COH-1858644,1; 2; 4,,enquiry@fcdo.gov.uk,+44 (0) 1355 84 3132,"UK - Foreign, Commonwealth Development Office (FCDO)","Public Enquiry Point, Abercrombie House, Eaglesham Road, East Kilbride, Glasgow G75 8EA",,,,1,10,110,C01,5,4,2,en,https://devtracker.fcdo.gov.uk/projects/GB-1-204604-102/summary
GB-1-204604-103,Citizens' Action for Democratic Governance in Pakistan,"This activity Citizens' Action for Democratic Governance in Pakistan is a component of Consolidating Democracy in Pakistan (CDIP) Programme. reported by FCDO with a funding type of 111 - Not for profit organisation and a budget of £1,542,635. It works in the following sector(s): Elections, Democratic participation and civil society, Women's rights organisations and movements, and government institutions.","UK - Foreign, Commonwealth Development Office (FCDO)",GB-GOV-1,10,Closed,4,2014-03-12,2022-12-16,1542635.0,GBP,PK,100.0,,"Elections; Democratic participation and civil society; Women's rights organisations and movements, and government institutions",15151; 15150; 15170,"Foreign, Commonwealth and Development Office (FCDO); Foreign, Commonwealth and Development Office (FCDO); Trust for Democratic Education and Accountability",GB-GOV-1; GB-GOV-1,1; 2; 4,,enquiry@fcdo.gov.uk,+44 (0) 1355 84 3132,"UK - Foreign, Commonwealth Development Office (FCDO)","Public Enquiry Point, Abercrombie House, Eaglesham Road, East Kilbride, Glasgow G75 8EA",,,,1,10,110,C01,5,4,2,en,https://devtracker.fcdo.gov.uk/projects/GB-1-204604-103/summary
GB-1-204604-104,Educating Women to Participate in Local Bodies Elections in Khyber Pakhtunkhwa,"This activity Educating Women to Participate in Local Bodies Elections in Khyber Pakhtunkhwa is a component of Consolidating Democracy in Pakistan (CDIP) Programme. reported by FCDO with a funding type of 109 - Multilateral organisation and a budget of £250,000. It works in the following sector(s): Elections, Women's rights organisations and movements, and government institutions.","UK - Foreign, Commonwealth Development Office (FCDO)",GB-GOV-1,10,Closed,4,2014-03-12,2022-12-16,250000.0,GBP,PK,100.0,,"Elections; Women's rights organisations and movements, and government institutions",15151; 15170,"Foreign, Commonwealth and Development Office (FCDO); Foreign, Commonwealth and Development Office (FCDO); United Nations Development Programme (UNDP)",GB-GOV-1; GB-GOV-1; XM-DAC-41114,1; 2; 4,,enquiry@fcdo.gov.uk,+44 (0) 1355 84 3132,"UK - Foreign, Commonwealth Development Office (FCDO)","Public Enquiry Point, Abercrombie House, Eaglesham Road, East Kilbride, Glasgow G75 8EA",,,,1,10,110,C01,5,4,2,en,https://devtracker.fcdo.gov.uk/projects/GB-1-204604-104/summary
GB-1-204604-105,Democratic Stability through Responsive Elected Institutions,"This activity Democratic Stability through Responsive Elected Institutions is a component of Consolidating Democracy in Pakistan (CDIP) Programme. reported by FCDO with a funding type of 111 - Not for profit organisation and a budget of £593,597. It works in the following sector(s): Elections, Legislatures and political parties.","UK - Foreign, Commonwealth Development Office (FCDO)",GB-GOV-1,10,Closed,4,2014-03-12,2022-12-16,593597.0,GBP,PK,100.0,,Elections; Legislatures and political parties,15151; 15152,"Foreign, Commonwealth and Development Office (FCDO); Foreign, Commonwealth and Development Office (FCDO); Democracy Reporting International",GB-GOV-1; GB-GOV-1,1; 2; 4,,enquiry@fcdo.gov.uk,+44 (0) 1355 84 3132,"UK - Foreign, Commonwealth Development Office (FCDO)","Public Enquiry Point, Abercrombie House, Eaglesham Road, East Kilbride, Glasgow G75 8EA",,,,1,10,110,C01,5,4,2,en,https://devtracker.fcdo.gov.uk/projects/GB-1-204604-105/summary
GB-1-204604-106,Educating Women to Participate in Local Bodies Elections in Punjab and Sindh,"This activity Educating Women to Participate in Local Bodies Elections in Punjab and Sindh is a component of Consolidating Democracy in Pakistan (CDIP) Programme. reported by FCDO with a funding type of 109 - Multilateral organisation and a budget of £900,123. It works in the following sector(s): Elections, Women's rights organisations and movements, and government institutions.","UK - Foreign, Commonwealth Development Office (FCDO)",GB-GOV-1,10,Closed,4,2014-03-12,2022-12-16,900123.0,GBP,PK,100.0,,"Elections; Women's rights organisations and movements, and government institutions",15151; 15170,"Foreign, Commonwealth and Development Office (FCDO); Foreign, Commonwealth and Development Office (FCDO); United Nations Development Programme (UNDP)",GB-GOV-1; GB-GOV-1; XM-DAC-41114,1; 2; 4,,enquiry@fcdo.gov.uk,+44 (0) 1355 84 3132,"UK - Foreign, Commonwealth Development Office (FCDO)","Public Enquiry Point, Abercrombie House, Eaglesham Road, East Kilbride, Glasgow G75 8EA",,,,1,10,110,C01,5,4,2,en,https://devtracker.fcdo.gov.uk/projects/GB-1-204604-106/summary
GB-1-204604-107,Consolidating Democracy in Pakistan – Management costs,"This activity Consolidating Democracy in Pakistan – Management costs is a component of Consolidating Democracy in Pakistan (CDIP) Programme. reported by FCDO with a funding type of 104 - Procurement of Services and a budget of £1,441,174. It works in the following sector(s): Democratic participation and civil society, Elections.","UK - Foreign, Commonwealth Development Office (FCDO)",GB-GOV-1,10,Closed,4,2014-03-12,2022-12-16,1441174.0,GBP,PK,100.0,,Democratic participation and civil society; Elections,15150; 15151,"Foreign, Commonwealth and Development Office (FCDO); Foreign, Commonwealth and Development Office (FCDO)",GB-GOV-1; GB-GOV-1,1; 2,,enquiry@fcdo.gov.uk,+44 (0) 1355 84 3132,"UK - Foreign, Commonwealth Development Office (FCDO)","Public Enquiry Point, Abercrombie House, Eaglesham Road, East Kilbride, Glasgow G75 8EA",,,,1,10,110,C01,5,4,2,en,https://devtracker.fcdo.gov.uk/projects/GB-1-204604-107/summary
GB-1-204603-109,Support to Pakistan Humanitarian Pooled Fund - PHPF,"This activity Support to Pakistan Humanitarian Pooled Fund - PHPF is a component of Multi-Year Humanitarian Programme in Pakistan reported by FCDO with a funding type of 105 -  Humanitarian assistance and a budget of £15,500,000. It works in the following sector(s): Material relief assistance and services.","UK - Foreign, Commonwealth Development Office (FCDO)",GB-GOV-1,10,Closed,4,2014-03-12,2024-09-30,15500000.0,GBP,PK,100.0,,Material relief assistance and services,72010,"Foreign, Commonwealth and Development Office (FCDO); Foreign, Commonwealth and Development Office (FCDO); United Nations Office for the Coordination of Humanitarian Affairs (OCHA)",GB-GOV-1; GB-GOV-1; XM-DAC-41127,1; 2; 4,"shangla, KPK, Pakistan; Bannu, KPK, Pakistan; Peshawar, KPK, Pakistan; Leiah; Badin; Bajaur, Pakistan; Thatta, Sindh Pakistan; Mohmand, Pakistan; Kashmor; Chitral; Dera Ismail Khan; Kohat",enquiry@fcdo.gov.uk,+44 (0) 1355 84 3132,"UK - Foreign, Commonwealth Development Office (FCDO)","Public Enquiry Point, Abercrombie House, Eaglesham Road, East Kilbride, Glasgow G75 8EA",,,,1,10,110,C01,5,4,2,en,https://devtracker.fcdo.gov.uk/projects/GB-1-204603-109/summary
