SR_No,Tender_ID,Organization,Title,Category,Estimated_Cost,Published_Date,Closing_Date,Closing_Time,Status,Procurement_Method,Bid_Security,Location,Contact_Person,Description,Detail_URL,Source,Scrape_Date
1,PPRA-2026-4985,SNGPL,Construction/Renovation Works at SNGPL,IT Equipment,PKR 415 Million,2025-12-29,2026-01-25,15:00,Open,Direct Contracting,4%,Rawalpindi,"Procurement Officer, SNGPL",Bidding document can be downloaded from PPRA website. Last date for submission of bids is 25-Jan-2026. Bid security of 2% is required.,https://ppra.gov.pk/#/tenders/detail/PPRA-2026-4985,PPRA Pakistan (Sample Data),2026-01-14 06:10:27
2,PPRA-2026-6280,SSGC,Provision of Mechanical Works Services,Mechanical Works,Not Disclosed,2025-12-15,2026-01-23,14:00,Active,Two Stage,5%,Multan,"Procurement Officer, SSGC",Bidding document can be downloaded from PPRA website. Last date for submission of bids is 23-Jan-2026. Bid security of 2% is required.,https://ppra.gov.pk/#/tenders/detail/PPRA-2026-6280,PPRA Pakistan (Sample Data),2026-01-14 06:10:27
3,PPRA-2026-6650,Sindh Government,Provision of Supply of Goods Services,Supply of Goods,Not Disclosed,2025-12-23,2026-02-02,10:00,Extended,Direct Contracting,2%,Multan,"Procurement Officer, Sindh Government",Bidding document can be downloaded from PPRA website. Last date for submission of bids is 02-Feb-2026. Bid security of 2% is required.,https://ppra.gov.pk/#/tenders/detail/PPRA-2026-6650,PPRA Pakistan (Sample Data),2026-01-14 06:10:27
4,PPRA-2026-1211,Ministry of Education,Annual Maintenance Contract for Catering Services,Catering Services,Not Disclosed,2025-12-20,2026-02-03,13:00,Open,Single Stage - Two Envelope,4%,Multan,"Procurement Officer, Ministry of Education",This tender is for the procurement of catering services as per the specifications mentioned in the bidding documents. All interested bidders must be registered with PPRA and should have relevant experience in similar projects.,https://ppra.gov.pk/#/tenders/detail/PPRA-2026-1211,PPRA Pakistan (Sample Data),2026-01-14 06:10:27
5,PPRA-2026-9747,Pakistan Telecommunication Authority,Construction/Renovation Works at Pakistan Telecommunication Authority,Medical Equipment,PKR 332 Million,2026-01-06,2026-02-18,12:00,Active,Single Stage - Two Envelope,5%,Faisalabad,"Procurement Officer, Pakistan Telecommunication Authority",Bidding document can be downloaded from PPRA website. Last date for submission of bids is 18-Feb-2026. Bid security of 2% is required.,https://ppra.gov.pk/#/tenders/detail/PPRA-2026-9747,PPRA Pakistan (Sample Data),2026-01-14 06:10:27
6,PPRA-2026-2760,NADRA,Annual Maintenance Contract for Supply of Goods,Supply of Goods,Not Disclosed,2025-12-26,2026-01-12,16:00,Extended,Two Stage,2%,Islamabad,"Procurement Officer, NADRA",Bidding document can be downloaded from PPRA website. Last date for submission of bids is 12-Jan-2026. Bid security of 2% is required.,https://ppra.gov.pk/#/tenders/detail/PPRA-2026-2760,PPRA Pakistan (Sample Data),2026-01-14 06:10:27
7,PPRA-2026-2834,PIA,Consultancy for Catering Services Project,Catering Services,PKR 244 Million,2025-12-27,2026-02-03,15:00,Closing Soon,Single Stage - Single Envelope,1%,Peshawar,"Procurement Officer, PIA",Technical and financial proposals are required. Evaluation will be based on quality and cost-based selection method. Minimum 6 years of experience required.,https://ppra.gov.pk/#/tenders/detail/PPRA-2026-2834,PPRA Pakistan (Sample Data),2026-01-14 06:10:27
8,PPRA-2026-7863,Capital Development Authority,Security Services - Annual Contract 2026,Security Services,PKR 87 Million,2025-12-26,2026-01-25,10:00,Closing Soon,Single Stage - Single Envelope,3%,Rawalpindi,"Procurement Officer, Capital Development Authority","Capital Development Authority invites sealed bids from reputable firms for security services. The scope includes supply, installation, testing and commissioning. Pre-qualification requirements apply.",https://ppra.gov.pk/#/tenders/detail/PPRA-2026-7863,PPRA Pakistan (Sample Data),2026-01-14 06:10:27
9,PPRA-2026-5093,Pakistan Telecommunication Authority,Construction/Renovation Works at Pakistan Telecommunication Authority,Security Services,Not Disclosed,2026-01-10,2026-02-04,16:00,Active,Single Stage - Single Envelope,1%,Peshawar,"Procurement Officer, Pakistan Telecommunication Authority",This is a re-advertisement. Previous tender reference may be found in the bidding documents. Enhanced specifications and revised scope of work included.,https://ppra.gov.pk/#/tenders/detail/PPRA-2026-5093,PPRA Pakistan (Sample Data),2026-01-14 06:10:27
10,PPRA-2026-6425,Pakistan Railways,Procurement of Electrical Works for Pakistan Railways,Electrical Works,PKR 285 Million,2025-12-26,2026-01-18,13:00,Closing Soon,Single Stage - Single Envelope,1%,Islamabad,"Procurement Officer, Pakistan Railways",Technical and financial proposals are required. Evaluation will be based on quality and cost-based selection method. Minimum 6 years of experience required.,https://ppra.gov.pk/#/tenders/detail/PPRA-2026-6425,PPRA Pakistan (Sample Data),2026-01-14 06:10:27
11,PPRA-2026-2504,Ministry of Health,Supply and Installation of Electrical Works,Electrical Works,PKR 18 Million,2026-01-13,2026-02-15,15:00,Open,Single Stage - Two Envelope,1%,Islamabad,"Procurement Officer, Ministry of Health",This tender is for the procurement of electrical works as per the specifications mentioned in the bidding documents. All interested bidders must be registered with PPRA and should have relevant experience in similar projects.,https://ppra.gov.pk/#/tenders/detail/PPRA-2026-2504,PPRA Pakistan (Sample Data),2026-01-14 06:10:27
12,PPRA-2026-3136,NEPRA,Construction/Renovation Works at NEPRA,Electrical Works,PKR 93 Million,2025-12-16,2026-01-12,10:00,Extended,Single Stage - Two Envelope,2%,Karachi,"Procurement Officer, NEPRA","NEPRA invites sealed bids from reputable firms for electrical works. The scope includes supply, installation, testing and commissioning. Pre-qualification requirements apply.",https://ppra.gov.pk/#/tenders/detail/PPRA-2026-3136,PPRA Pakistan (Sample Data),2026-01-14 06:10:27
13,PPRA-2026-7503,NADRA,Supply of Goods - Annual Contract 2026,Supply of Goods,PKR 8 Million,2025-12-25,2026-02-07,11:00,Closing Soon,Two Stage,5%,Islamabad,"Procurement Officer, NADRA","NADRA invites sealed bids from reputable firms for supply of goods. The scope includes supply, installation, testing and commissioning. Pre-qualification requirements apply.",https://ppra.gov.pk/#/tenders/detail/PPRA-2026-7503,PPRA Pakistan (Sample Data),2026-01-14 06:10:27
14,PPRA-2026-9288,PTCL,Consultancy for Supply of Goods Project,Supply of Goods,Not Disclosed,2025-12-17,2026-01-03,11:00,Active,Direct Contracting,4%,Karachi,"Procurement Officer, PTCL",This is a re-advertisement. Previous tender reference may be found in the bidding documents. Enhanced specifications and revised scope of work included.,https://ppra.gov.pk/#/tenders/detail/PPRA-2026-9288,PPRA Pakistan (Sample Data),2026-01-14 06:10:27
15,PPRA-2026-9964,SNGPL,Provision of Civil Works Services,Civil Works,PKR 76 Million,2026-01-05,2026-01-30,12:00,Active,Single Stage - Two Envelope,3%,Multan,"Procurement Officer, SNGPL",Technical and financial proposals are required. Evaluation will be based on quality and cost-based selection method. Minimum 6 years of experience required.,https://ppra.gov.pk/#/tenders/detail/PPRA-2026-9964,PPRA Pakistan (Sample Data),2026-01-14 06:10:27
16,PPRA-2026-1255,Pakistan Atomic Energy Commission,Renovation - Annual Contract 2026,Renovation,PKR 33 Million,2026-01-11,2026-01-26,10:00,Open,Single Stage - Two Envelope,2%,Rawalpindi,"Procurement Officer, Pakistan Atomic Energy Commission",This is a re-advertisement. Previous tender reference may be found in the bidding documents. Enhanced specifications and revised scope of work included.,https://ppra.gov.pk/#/tenders/detail/PPRA-2026-1255,PPRA Pakistan (Sample Data),2026-01-14 06:10:27
17,PPRA-2026-5730,State Bank of Pakistan,Annual Maintenance Contract for Construction,Construction,As per BOQ,2026-01-13,2026-01-29,12:00,Open,Single Stage - Single Envelope,5%,Multan,"Procurement Officer, State Bank of Pakistan",Bidding document can be downloaded from PPRA website. Last date for submission of bids is 29-Jan-2026. Bid security of 2% is required.,https://ppra.gov.pk/#/tenders/detail/PPRA-2026-5730,PPRA Pakistan (Sample Data),2026-01-14 06:10:27
18,PPRA-2026-4209,NEPRA,Procurement of Catering Services for NEPRA,Catering Services,PKR 235 Million,2025-12-30,2026-01-23,12:00,Closing Soon,Two Stage,3%,Quetta,"Procurement Officer, NEPRA",Bidding document can be downloaded from PPRA website. Last date for submission of bids is 23-Jan-2026. Bid security of 2% is required.,https://ppra.gov.pk/#/tenders/detail/PPRA-2026-4209,PPRA Pakistan (Sample Data),2026-01-14 06:10:27
19,PPRA-2026-4205,NADRA,Provision of Laboratory Equipment Services,Laboratory Equipment,Not Disclosed,2025-12-16,2026-01-05,13:00,Open,Direct Contracting,4%,Rawalpindi,"Procurement Officer, NADRA",This is a re-advertisement. Previous tender reference may be found in the bidding documents. Enhanced specifications and revised scope of work included.,https://ppra.gov.pk/#/tenders/detail/PPRA-2026-4205,PPRA Pakistan (Sample Data),2026-01-14 06:10:27
20,PPRA-2026-6152,NADRA,Annual Maintenance Contract for Medical Equipment,Medical Equipment,PKR 239 Million,2025-12-29,2026-02-10,13:00,Open,Single Stage - Two Envelope,5%,Peshawar,"Procurement Officer, NADRA",Bidding document can be downloaded from PPRA website. Last date for submission of bids is 10-Feb-2026. Bid security of 2% is required.,https://ppra.gov.pk/#/tenders/detail/PPRA-2026-6152,PPRA Pakistan (Sample Data),2026-01-14 06:10:27
21,PPRA-2026-7530,KPK Government,Transportation - Annual Contract 2026,Transportation,Not Disclosed,2026-01-10,2026-02-08,16:00,Closing Soon,Single Stage - Two Envelope,1%,Faisalabad,"Procurement Officer, KPK Government",Bidding document can be downloaded from PPRA website. Last date for submission of bids is 08-Feb-2026. Bid security of 2% is required.,https://ppra.gov.pk/#/tenders/detail/PPRA-2026-7530,PPRA Pakistan (Sample Data),2026-01-14 06:10:27
22,PPRA-2026-6148,NADRA,Laboratory Equipment - Annual Contract 2026,Laboratory Equipment,PKR 43 Lac,2026-01-03,2026-01-29,11:00,Closing Soon,Single Stage - Two Envelope,4%,Faisalabad,"Procurement Officer, NADRA",This tender is for the procurement of laboratory equipment as per the specifications mentioned in the bidding documents. All interested bidders must be registered with PPRA and should have relevant experience in similar projects.,https://ppra.gov.pk/#/tenders/detail/PPRA-2026-6148,PPRA Pakistan (Sample Data),2026-01-14 06:10:27
23,PPRA-2026-2178,OGDCL,Construction/Renovation Works at OGDCL,Software Development,Not Disclosed,2025-12-28,2026-01-31,12:00,Open,Single Stage - Two Envelope,5%,Rawalpindi,"Procurement Officer, OGDCL",Bidding document can be downloaded from PPRA website. Last date for submission of bids is 31-Jan-2026. Bid security of 2% is required.,https://ppra.gov.pk/#/tenders/detail/PPRA-2026-2178,PPRA Pakistan (Sample Data),2026-01-14 06:10:27
24,PPRA-2026-3951,PIA,Construction/Renovation Works at PIA,Medical Equipment,As per BOQ,2025-12-15,2026-01-24,15:00,Open,Two Stage,3%,Peshawar,"Procurement Officer, PIA",Technical and financial proposals are required. Evaluation will be based on quality and cost-based selection method. Minimum 5 years of experience required.,https://ppra.gov.pk/#/tenders/detail/PPRA-2026-3951,PPRA Pakistan (Sample Data),2026-01-14 06:10:27
25,PPRA-2026-4180,National Highway Authority,Procurement of Mechanical Works for National Highway Authority,Mechanical Works,Not Disclosed,2026-01-03,2026-02-11,10:00,Closing Soon,Single Stage - Two Envelope,4%,Karachi,"Procurement Officer, National Highway Authority",This tender is for the procurement of mechanical works as per the specifications mentioned in the bidding documents. All interested bidders must be registered with PPRA and should have relevant experience in similar projects.,https://ppra.gov.pk/#/tenders/detail/PPRA-2026-4180,PPRA Pakistan (Sample Data),2026-01-14 06:10:27
26,PPRA-2026-1021,WAPDA,Procurement of Renovation for WAPDA,Renovation,PKR 49 Million,2026-01-04,2026-02-10,14:00,Open,Single Stage - Single Envelope,3%,Faisalabad,"Procurement Officer, WAPDA",This tender is for the procurement of renovation as per the specifications mentioned in the bidding documents. All interested bidders must be registered with PPRA and should have relevant experience in similar projects.,https://ppra.gov.pk/#/tenders/detail/PPRA-2026-1021,PPRA Pakistan (Sample Data),2026-01-14 06:10:27
27,PPRA-2026-8865,National Highway Authority,Construction/Renovation Works at National Highway Authority,Consultancy Services,Not Disclosed,2026-01-13,2026-02-12,11:00,Closing Soon,Single Stage - Two Envelope,1%,Rawalpindi,"Procurement Officer, National Highway Authority",This tender is for the procurement of consultancy services as per the specifications mentioned in the bidding documents. All interested bidders must be registered with PPRA and should have relevant experience in similar projects.,https://ppra.gov.pk/#/tenders/detail/PPRA-2026-8865,PPRA Pakistan (Sample Data),2026-01-14 06:10:27
28,PPRA-2026-1731,SNGPL,Annual Maintenance Contract for Mechanical Works,Mechanical Works,As per BOQ,2025-12-17,2026-01-22,13:00,Extended,Direct Contracting,2%,Lahore,"Procurement Officer, SNGPL",This tender is for the procurement of mechanical works as per the specifications mentioned in the bidding documents. All interested bidders must be registered with PPRA and should have relevant experience in similar projects.,https://ppra.gov.pk/#/tenders/detail/PPRA-2026-1731,PPRA Pakistan (Sample Data),2026-01-14 06:10:27
29,PPRA-2026-6906,Punjab Government,Annual Maintenance Contract for Security Services,Security Services,Not Disclosed,2025-12-18,2026-01-07,10:00,Closing Soon,Two Stage,2%,Karachi,"Procurement Officer, Punjab Government",Bidding document can be downloaded from PPRA website. Last date for submission of bids is 07-Jan-2026. Bid security of 2% is required.,https://ppra.gov.pk/#/tenders/detail/PPRA-2026-6906,PPRA Pakistan (Sample Data),2026-01-14 06:10:27
30,PPRA-2026-2905,PEMRA,Software Development - Annual Contract 2026,Software Development,PKR 26 Million,2026-01-04,2026-02-18,16:00,Open,Direct Contracting,5%,Lahore,"Procurement Officer, PEMRA","PEMRA invites sealed bids from reputable firms for software development. The scope includes supply, installation, testing and commissioning. Pre-qualification requirements apply.",https://ppra.gov.pk/#/tenders/detail/PPRA-2026-2905,PPRA Pakistan (Sample Data),2026-01-14 06:10:27
31,PPRA-2026-5334,PIA,Provision of IT Equipment Services,IT Equipment,Not Disclosed,2025-12-30,2026-01-26,11:00,Extended,Two Stage,5%,Multan,"Procurement Officer, PIA","PIA invites sealed bids from reputable firms for it equipment. The scope includes supply, installation, testing and commissioning. Pre-qualification requirements apply.",https://ppra.gov.pk/#/tenders/detail/PPRA-2026-5334,PPRA Pakistan (Sample Data),2026-01-14 06:10:27
32,PPRA-2026-2859,FBR,Training Services - Annual Contract 2026,Training Services,Not Disclosed,2025-12-18,2026-01-28,16:00,Open,Two Stage,2%,Islamabad,"Procurement Officer, FBR",Technical and financial proposals are required. Evaluation will be based on quality and cost-based selection method. Minimum 6 years of experience required.,https://ppra.gov.pk/#/tenders/detail/PPRA-2026-2859,PPRA Pakistan (Sample Data),2026-01-14 06:10:27
33,PPRA-2026-4220,Pakistan Atomic Energy Commission,Procurement of Catering Services for Pakistan Atomic Energy Commission,Catering Services,PKR 462 Million,2026-01-12,2026-01-30,10:00,Open,Two Stage,1%,Peshawar,"Procurement Officer, Pakistan Atomic Energy Commission",This tender is for the procurement of catering services as per the specifications mentioned in the bidding documents. All interested bidders must be registered with PPRA and should have relevant experience in similar projects.,https://ppra.gov.pk/#/tenders/detail/PPRA-2026-4220,PPRA Pakistan (Sample Data),2026-01-14 06:10:27
34,PPRA-2026-3211,Pakistan Atomic Energy Commission,Supply and Installation of Electrical Works,Electrical Works,PKR 1 Million,2026-01-10,2026-02-18,11:00,Closing Soon,Direct Contracting,5%,Peshawar,"Procurement Officer, Pakistan Atomic Energy Commission","Pakistan Atomic Energy Commission invites sealed bids from reputable firms for electrical works. The scope includes supply, installation, testing and commissioning. Pre-qualification requirements apply.",https://ppra.gov.pk/#/tenders/detail/PPRA-2026-3211,PPRA Pakistan (Sample Data),2026-01-14 06:10:27
35,PPRA-2026-8561,PTCL,Security Services - Annual Contract 2026,Security Services,PKR 27 Million,2026-01-03,2026-01-30,13:00,Extended,Direct Contracting,1%,Rawalpindi,"Procurement Officer, PTCL",This is a re-advertisement. Previous tender reference may be found in the bidding documents. Enhanced specifications and revised scope of work included.,https://ppra.gov.pk/#/tenders/detail/PPRA-2026-8561,PPRA Pakistan (Sample Data),2026-01-14 06:10:27
36,PPRA-2026-4749,Pakistan Railways,Procurement of Furniture & Fixtures for Pakistan Railways,Furniture & Fixtures,As per BOQ,2025-12-26,2026-01-17,15:00,Extended,Single Stage - Two Envelope,1%,Peshawar,"Procurement Officer, Pakistan Railways",Technical and financial proposals are required. Evaluation will be based on quality and cost-based selection method. Minimum 6 years of experience required.,https://ppra.gov.pk/#/tenders/detail/PPRA-2026-4749,PPRA Pakistan (Sample Data),2026-01-14 06:10:27
37,PPRA-2026-7891,Capital Development Authority,Consultancy for Software Development Project,Software Development,PKR 87 Lac,2026-01-12,2026-02-15,15:00,Closing Soon,Single Stage - Two Envelope,5%,Lahore,"Procurement Officer, Capital Development Authority",This tender is for the procurement of software development as per the specifications mentioned in the bidding documents. All interested bidders must be registered with PPRA and should have relevant experience in similar projects.,https://ppra.gov.pk/#/tenders/detail/PPRA-2026-7891,PPRA Pakistan (Sample Data),2026-01-14 06:10:27
38,PPRA-2026-2057,SNGPL,Procurement of Laboratory Equipment for SNGPL,Laboratory Equipment,PKR 33 Million,2025-12-25,2026-01-18,11:00,Closing Soon,Single Stage - Two Envelope,3%,Quetta,"Procurement Officer, SNGPL",This tender is for the procurement of laboratory equipment as per the specifications mentioned in the bidding documents. All interested bidders must be registered with PPRA and should have relevant experience in similar projects.,https://ppra.gov.pk/#/tenders/detail/PPRA-2026-2057,PPRA Pakistan (Sample Data),2026-01-14 06:10:27
39,PPRA-2026-2562,Punjab Government,Provision of Mechanical Works Services,Mechanical Works,PKR 33 Lac,2026-01-06,2026-02-10,12:00,Open,Single Stage - Two Envelope,5%,Islamabad,"Procurement Officer, Punjab Government",Bidding document can be downloaded from PPRA website. Last date for submission of bids is 10-Feb-2026. Bid security of 2% is required.,https://ppra.gov.pk/#/tenders/detail/PPRA-2026-2562,PPRA Pakistan (Sample Data),2026-01-14 06:10:27
40,PPRA-2026-2346,OGDCL,Annual Maintenance Contract for Medical Equipment,Medical Equipment,Not Disclosed,2026-01-05,2026-01-27,10:00,Open,Two Stage,3%,Faisalabad,"Procurement Officer, OGDCL",This tender is for the procurement of medical equipment as per the specifications mentioned in the bidding documents. All interested bidders must be registered with PPRA and should have relevant experience in similar projects.,https://ppra.gov.pk/#/tenders/detail/PPRA-2026-2346,PPRA Pakistan (Sample Data),2026-01-14 06:10:27
41,PPRA-2026-8108,PEMRA,Consultancy for Renovation Project,Renovation,As per BOQ,2025-12-15,2026-01-24,16:00,Open,Two Stage,1%,Multan,"Procurement Officer, PEMRA",This is a re-advertisement. Previous tender reference may be found in the bidding documents. Enhanced specifications and revised scope of work included.,https://ppra.gov.pk/#/tenders/detail/PPRA-2026-8108,PPRA Pakistan (Sample Data),2026-01-14 06:10:27
42,PPRA-2026-2934,OGDCL,Provision of Laboratory Equipment Services,Laboratory Equipment,Not Disclosed,2025-12-25,2026-02-03,14:00,Active,Single Stage - Two Envelope,3%,Rawalpindi,"Procurement Officer, OGDCL","OGDCL invites sealed bids from reputable firms for laboratory equipment. The scope includes supply, installation, testing and commissioning. Pre-qualification requirements apply.",https://ppra.gov.pk/#/tenders/detail/PPRA-2026-2934,PPRA Pakistan (Sample Data),2026-01-14 06:10:27
43,PPRA-2026-6589,Higher Education Commission,Procurement of Maintenance for Higher Education Commission,Maintenance,As per BOQ,2026-01-01,2026-01-22,14:00,Active,Single Stage - Single Envelope,2%,Faisalabad,"Procurement Officer, Higher Education Commission",Technical and financial proposals are required. Evaluation will be based on quality and cost-based selection method. Minimum 3 years of experience required.,https://ppra.gov.pk/#/tenders/detail/PPRA-2026-6589,PPRA Pakistan (Sample Data),2026-01-14 06:10:27
44,PPRA-2026-1115,WAPDA,Supply and Installation of Printing Services,Printing Services,PKR 42 Million,2026-01-13,2026-01-29,16:00,Extended,Single Stage - Single Envelope,5%,Quetta,"Procurement Officer, WAPDA","WAPDA invites sealed bids from reputable firms for printing services. The scope includes supply, installation, testing and commissioning. Pre-qualification requirements apply.",https://ppra.gov.pk/#/tenders/detail/PPRA-2026-1115,PPRA Pakistan (Sample Data),2026-01-14 06:10:27
45,PPRA-2026-1228,Punjab Government,Provision of Training Services Services,Training Services,PKR 42 Million,2026-01-08,2026-02-17,12:00,Closing Soon,Two Stage,1%,Faisalabad,"Procurement Officer, Punjab Government",Technical and financial proposals are required. Evaluation will be based on quality and cost-based selection method. Minimum 3 years of experience required.,https://ppra.gov.pk/#/tenders/detail/PPRA-2026-1228,PPRA Pakistan (Sample Data),2026-01-14 06:10:27
46,PPRA-2026-3101,Punjab Government,Provision of Maintenance Services,Maintenance,PKR 45 Million,2026-01-11,2026-02-03,10:00,Closing Soon,Two Stage,4%,Lahore,"Procurement Officer, Punjab Government",This tender is for the procurement of maintenance as per the specifications mentioned in the bidding documents. All interested bidders must be registered with PPRA and should have relevant experience in similar projects.,https://ppra.gov.pk/#/tenders/detail/PPRA-2026-3101,PPRA Pakistan (Sample Data),2026-01-14 06:10:27
47,PPRA-2026-3051,Balochistan Government,Construction/Renovation Works at Balochistan Government,Furniture & Fixtures,As per BOQ,2026-01-02,2026-02-05,16:00,Extended,Direct Contracting,1%,Quetta,"Procurement Officer, Balochistan Government",This is a re-advertisement. Previous tender reference may be found in the bidding documents. Enhanced specifications and revised scope of work included.,https://ppra.gov.pk/#/tenders/detail/PPRA-2026-3051,PPRA Pakistan (Sample Data),2026-01-14 06:10:27
48,PPRA-2026-3563,Ministry of Education,Annual Maintenance Contract for Training Services,Training Services,PKR 170 Million,2025-12-18,2026-01-19,15:00,Extended,Two Stage,4%,Multan,"Procurement Officer, Ministry of Education",This is a re-advertisement. Previous tender reference may be found in the bidding documents. Enhanced specifications and revised scope of work included.,https://ppra.gov.pk/#/tenders/detail/PPRA-2026-3563,PPRA Pakistan (Sample Data),2026-01-14 06:10:27
49,PPRA-2026-7218,National Highway Authority,Provision of Printing Services Services,Printing Services,PKR 40 Lac,2025-12-15,2026-01-26,12:00,Extended,Two Stage,4%,Peshawar,"Procurement Officer, National Highway Authority",This is a re-advertisement. Previous tender reference may be found in the bidding documents. Enhanced specifications and revised scope of work included.,https://ppra.gov.pk/#/tenders/detail/PPRA-2026-7218,PPRA Pakistan (Sample Data),2026-01-14 06:10:27
50,PPRA-2026-6156,PTCL,Procurement of Furniture & Fixtures for PTCL,Furniture & Fixtures,Not Disclosed,2025-12-30,2026-02-03,11:00,Extended,Two Stage,2%,Quetta,"Procurement Officer, PTCL","PTCL invites sealed bids from reputable firms for furniture & fixtures. The scope includes supply, installation, testing and commissioning. Pre-qualification requirements apply.",https://ppra.gov.pk/#/tenders/detail/PPRA-2026-6156,PPRA Pakistan (Sample Data),2026-01-14 06:10:27
51,PPRA-2026-1681,OGDCL,Procurement of Renovation for OGDCL,Renovation,As per BOQ,2025-12-15,2026-01-06,10:00,Extended,Single Stage - Single Envelope,2%,Rawalpindi,"Procurement Officer, OGDCL","OGDCL invites sealed bids from reputable firms for renovation. The scope includes supply, installation, testing and commissioning. Pre-qualification requirements apply.",https://ppra.gov.pk/#/tenders/detail/PPRA-2026-1681,PPRA Pakistan (Sample Data),2026-01-14 06:10:27
52,PPRA-2026-9368,KPK Government,Provision of Consultancy Services Services,Consultancy Services,Not Disclosed,2025-12-25,2026-01-14,13:00,Active,Direct Contracting,5%,Karachi,"Procurement Officer, KPK Government",Technical and financial proposals are required. Evaluation will be based on quality and cost-based selection method. Minimum 8 years of experience required.,https://ppra.gov.pk/#/tenders/detail/PPRA-2026-9368,PPRA Pakistan (Sample Data),2026-01-14 06:10:27
53,PPRA-2026-1472,SSGC,Provision of Construction Services,Construction,PKR 34 Million,2025-12-28,2026-01-13,12:00,Extended,Direct Contracting,1%,Peshawar,"Procurement Officer, SSGC",Bidding document can be downloaded from PPRA website. Last date for submission of bids is 13-Jan-2026. Bid security of 2% is required.,https://ppra.gov.pk/#/tenders/detail/PPRA-2026-1472,PPRA Pakistan (Sample Data),2026-01-14 06:10:27
54,PPRA-2026-5962,Capital Development Authority,Annual Maintenance Contract for Security Services,Security Services,As per BOQ,2025-12-30,2026-02-06,16:00,Open,Single Stage - Two Envelope,1%,Karachi,"Procurement Officer, Capital Development Authority",This tender is for the procurement of security services as per the specifications mentioned in the bidding documents. All interested bidders must be registered with PPRA and should have relevant experience in similar projects.,https://ppra.gov.pk/#/tenders/detail/PPRA-2026-5962,PPRA Pakistan (Sample Data),2026-01-14 06:10:27
55,PPRA-2026-8946,Balochistan Government,Provision of Transportation Services,Transportation,As per BOQ,2026-01-13,2026-02-27,10:00,Open,Single Stage - Single Envelope,5%,Faisalabad,"Procurement Officer, Balochistan Government","Balochistan Government invites sealed bids from reputable firms for transportation. The scope includes supply, installation, testing and commissioning. Pre-qualification requirements apply.",https://ppra.gov.pk/#/tenders/detail/PPRA-2026-8946,PPRA Pakistan (Sample Data),2026-01-14 06:10:27
56,PPRA-2026-2444,PTCL,Construction - Annual Contract 2026,Construction,As per BOQ,2026-01-13,2026-02-24,15:00,Open,Direct Contracting,4%,Multan,"Procurement Officer, PTCL",This tender is for the procurement of construction as per the specifications mentioned in the bidding documents. All interested bidders must be registered with PPRA and should have relevant experience in similar projects.,https://ppra.gov.pk/#/tenders/detail/PPRA-2026-2444,PPRA Pakistan (Sample Data),2026-01-14 06:10:27
57,PPRA-2026-1210,Punjab Government,Furniture & Fixtures - Annual Contract 2026,Furniture & Fixtures,PKR 405 Million,2025-12-23,2026-01-23,15:00,Open,Two Stage,1%,Multan,"Procurement Officer, Punjab Government",This is a re-advertisement. Previous tender reference may be found in the bidding documents. Enhanced specifications and revised scope of work included.,https://ppra.gov.pk/#/tenders/detail/PPRA-2026-1210,PPRA Pakistan (Sample Data),2026-01-14 06:10:27
58,PPRA-2026-5774,Ministry of Education,Provision of Renovation Services,Renovation,PKR 37 Million,2026-01-08,2026-02-22,11:00,Active,Single Stage - Two Envelope,1%,Islamabad,"Procurement Officer, Ministry of Education","Ministry of Education invites sealed bids from reputable firms for renovation. The scope includes supply, installation, testing and commissioning. Pre-qualification requirements apply.",https://ppra.gov.pk/#/tenders/detail/PPRA-2026-5774,PPRA Pakistan (Sample Data),2026-01-14 06:10:27
59,PPRA-2026-3585,Sindh Government,Annual Maintenance Contract for Civil Works,Civil Works,As per BOQ,2025-12-16,2026-01-30,13:00,Extended,Direct Contracting,5%,Rawalpindi,"Procurement Officer, Sindh Government",This tender is for the procurement of civil works as per the specifications mentioned in the bidding documents. All interested bidders must be registered with PPRA and should have relevant experience in similar projects.,https://ppra.gov.pk/#/tenders/detail/PPRA-2026-3585,PPRA Pakistan (Sample Data),2026-01-14 06:10:27
60,PPRA-2026-8891,Sindh Government,Provision of Printing Services Services,Printing Services,PKR 61 Million,2025-12-20,2026-01-14,10:00,Closing Soon,Direct Contracting,1%,Multan,"Procurement Officer, Sindh Government",Technical and financial proposals are required. Evaluation will be based on quality and cost-based selection method. Minimum 4 years of experience required.,https://ppra.gov.pk/#/tenders/detail/PPRA-2026-8891,PPRA Pakistan (Sample Data),2026-01-14 06:10:27
61,PPRA-2026-7391,Pakistan Telecommunication Authority,Procurement of Transportation for Pakistan Telecommunication Authority,Transportation,PKR 382 Million,2025-12-21,2026-01-16,12:00,Extended,Two Stage,3%,Quetta,"Procurement Officer, Pakistan Telecommunication Authority",This tender is for the procurement of transportation as per the specifications mentioned in the bidding documents. All interested bidders must be registered with PPRA and should have relevant experience in similar projects.,https://ppra.gov.pk/#/tenders/detail/PPRA-2026-7391,PPRA Pakistan (Sample Data),2026-01-14 06:10:27
62,PPRA-2026-2715,Ministry of Education,Supply and Installation of IT Equipment,IT Equipment,As per BOQ,2026-01-10,2026-02-24,14:00,Closing Soon,Direct Contracting,3%,Rawalpindi,"Procurement Officer, Ministry of Education","Ministry of Education invites sealed bids from reputable firms for it equipment. The scope includes supply, installation, testing and commissioning. Pre-qualification requirements apply.",https://ppra.gov.pk/#/tenders/detail/PPRA-2026-2715,PPRA Pakistan (Sample Data),2026-01-14 06:10:27
63,PPRA-2026-8448,PTCL,Annual Maintenance Contract for Printing Services,Printing Services,As per BOQ,2026-01-08,2026-01-29,16:00,Extended,Direct Contracting,3%,Quetta,"Procurement Officer, PTCL","PTCL invites sealed bids from reputable firms for printing services. The scope includes supply, installation, testing and commissioning. Pre-qualification requirements apply.",https://ppra.gov.pk/#/tenders/detail/PPRA-2026-8448,PPRA Pakistan (Sample Data),2026-01-14 06:10:27
64,PPRA-2026-2070,Higher Education Commission,Supply and Installation of Training Services,Training Services,PKR 50 Million,2025-12-30,2026-02-03,12:00,Extended,Direct Contracting,4%,Multan,"Procurement Officer, Higher Education Commission",This tender is for the procurement of training services as per the specifications mentioned in the bidding documents. All interested bidders must be registered with PPRA and should have relevant experience in similar projects.,https://ppra.gov.pk/#/tenders/detail/PPRA-2026-2070,PPRA Pakistan (Sample Data),2026-01-14 06:10:27
65,PPRA-2026-9836,SSGC,Annual Maintenance Contract for Electrical Works,Electrical Works,Not Disclosed,2026-01-08,2026-01-23,14:00,Extended,Direct Contracting,2%,Multan,"Procurement Officer, SSGC",Technical and financial proposals are required. Evaluation will be based on quality and cost-based selection method. Minimum 5 years of experience required.,https://ppra.gov.pk/#/tenders/detail/PPRA-2026-9836,PPRA Pakistan (Sample Data),2026-01-14 06:10:27
66,PPRA-2026-2028,Capital Development Authority,Consultancy for Maintenance Project,Maintenance,PKR 14 Million,2026-01-05,2026-01-29,10:00,Extended,Single Stage - Single Envelope,4%,Quetta,"Procurement Officer, Capital Development Authority","Capital Development Authority invites sealed bids from reputable firms for maintenance. The scope includes supply, installation, testing and commissioning. Pre-qualification requirements apply.",https://ppra.gov.pk/#/tenders/detail/PPRA-2026-2028,PPRA Pakistan (Sample Data),2026-01-14 06:10:27
67,PPRA-2026-4648,PIA,Construction/Renovation Works at PIA,Civil Works,PKR 31 Lac,2025-12-22,2026-01-26,11:00,Open,Single Stage - Two Envelope,4%,Multan,"Procurement Officer, PIA",This is a re-advertisement. Previous tender reference may be found in the bidding documents. Enhanced specifications and revised scope of work included.,https://ppra.gov.pk/#/tenders/detail/PPRA-2026-4648,PPRA Pakistan (Sample Data),2026-01-14 06:10:27
68,PPRA-2026-9849,Pakistan Railways,Provision of Maintenance Services,Maintenance,PKR 217 Million,2025-12-28,2026-02-05,14:00,Open,Single Stage - Single Envelope,5%,Rawalpindi,"Procurement Officer, Pakistan Railways",Technical and financial proposals are required. Evaluation will be based on quality and cost-based selection method. Minimum 5 years of experience required.,https://ppra.gov.pk/#/tenders/detail/PPRA-2026-9849,PPRA Pakistan (Sample Data),2026-01-14 06:10:27
69,PPRA-2026-2719,Higher Education Commission,Mechanical Works - Annual Contract 2026,Mechanical Works,PKR 41 Million,2025-12-17,2026-01-19,16:00,Extended,Single Stage - Single Envelope,1%,Faisalabad,"Procurement Officer, Higher Education Commission",Technical and financial proposals are required. Evaluation will be based on quality and cost-based selection method. Minimum 10 years of experience required.,https://ppra.gov.pk/#/tenders/detail/PPRA-2026-2719,PPRA Pakistan (Sample Data),2026-01-14 06:10:27
70,PPRA-2026-6910,NEPRA,Software Development - Annual Contract 2026,Software Development,Not Disclosed,2025-12-17,2026-01-24,16:00,Closing Soon,Two Stage,3%,Karachi,"Procurement Officer, NEPRA","NEPRA invites sealed bids from reputable firms for software development. The scope includes supply, installation, testing and commissioning. Pre-qualification requirements apply.",https://ppra.gov.pk/#/tenders/detail/PPRA-2026-6910,PPRA Pakistan (Sample Data),2026-01-14 06:10:27
71,PPRA-2026-2936,Pakistan Post,Consultancy for Maintenance Project,Maintenance,As per BOQ,2025-12-22,2026-01-18,12:00,Open,Direct Contracting,1%,Rawalpindi,"Procurement Officer, Pakistan Post",Technical and financial proposals are required. Evaluation will be based on quality and cost-based selection method. Minimum 7 years of experience required.,https://ppra.gov.pk/#/tenders/detail/PPRA-2026-2936,PPRA Pakistan (Sample Data),2026-01-14 06:10:27
72,PPRA-2026-7703,Pakistan Telecommunication Authority,Provision of Renovation Services,Renovation,Not Disclosed,2026-01-02,2026-02-04,14:00,Extended,Single Stage - Two Envelope,5%,Islamabad,"Procurement Officer, Pakistan Telecommunication Authority","Pakistan Telecommunication Authority invites sealed bids from reputable firms for renovation. The scope includes supply, installation, testing and commissioning. Pre-qualification requirements apply.",https://ppra.gov.pk/#/tenders/detail/PPRA-2026-7703,PPRA Pakistan (Sample Data),2026-01-14 06:10:27
73,PPRA-2026-2528,PEMRA,Supply and Installation of Laboratory Equipment,Laboratory Equipment,Not Disclosed,2025-12-25,2026-01-21,16:00,Closing Soon,Two Stage,3%,Quetta,"Procurement Officer, PEMRA",Bidding document can be downloaded from PPRA website. Last date for submission of bids is 21-Jan-2026. Bid security of 2% is required.,https://ppra.gov.pk/#/tenders/detail/PPRA-2026-2528,PPRA Pakistan (Sample Data),2026-01-14 06:10:27
74,PPRA-2026-1917,Balochistan Government,Consultancy for Training Services Project,Training Services,PKR 410 Million,2026-01-03,2026-02-14,14:00,Active,Single Stage - Single Envelope,4%,Peshawar,"Procurement Officer, Balochistan Government",This tender is for the procurement of training services as per the specifications mentioned in the bidding documents. All interested bidders must be registered with PPRA and should have relevant experience in similar projects.,https://ppra.gov.pk/#/tenders/detail/PPRA-2026-1917,PPRA Pakistan (Sample Data),2026-01-14 06:10:27
75,PPRA-2026-3294,PIA,Annual Maintenance Contract for Laboratory Equipment,Laboratory Equipment,PKR 24 Lac,2025-12-22,2026-02-04,12:00,Closing Soon,Two Stage,2%,Multan,"Procurement Officer, PIA",This is a re-advertisement. Previous tender reference may be found in the bidding documents. Enhanced specifications and revised scope of work included.,https://ppra.gov.pk/#/tenders/detail/PPRA-2026-3294,PPRA Pakistan (Sample Data),2026-01-14 06:10:27
76,PPRA-2026-5403,PIA,IT Equipment - Annual Contract 2026,IT Equipment,Not Disclosed,2026-01-09,2026-02-19,13:00,Closing Soon,Single Stage - Single Envelope,2%,Islamabad,"Procurement Officer, PIA",This tender is for the procurement of it equipment as per the specifications mentioned in the bidding documents. All interested bidders must be registered with PPRA and should have relevant experience in similar projects.,https://ppra.gov.pk/#/tenders/detail/PPRA-2026-5403,PPRA Pakistan (Sample Data),2026-01-14 06:10:27
77,PPRA-2026-9571,Punjab Government,Procurement of Renovation for Punjab Government,Renovation,PKR 117 Million,2026-01-05,2026-02-01,12:00,Active,Single Stage - Single Envelope,5%,Karachi,"Procurement Officer, Punjab Government",This is a re-advertisement. Previous tender reference may be found in the bidding documents. Enhanced specifications and revised scope of work included.,https://ppra.gov.pk/#/tenders/detail/PPRA-2026-9571,PPRA Pakistan (Sample Data),2026-01-14 06:10:27
78,PPRA-2026-1613,Punjab Government,Construction/Renovation Works at Punjab Government,Laboratory Equipment,As per BOQ,2026-01-07,2026-01-29,12:00,Extended,Direct Contracting,5%,Peshawar,"Procurement Officer, Punjab Government",Technical and financial proposals are required. Evaluation will be based on quality and cost-based selection method. Minimum 3 years of experience required.,https://ppra.gov.pk/#/tenders/detail/PPRA-2026-1613,PPRA Pakistan (Sample Data),2026-01-14 06:10:27
79,PPRA-2026-2690,Pakistan Telecommunication Authority,Medical Equipment - Annual Contract 2026,Medical Equipment,PKR 207 Million,2026-01-11,2026-01-26,11:00,Closing Soon,Direct Contracting,3%,Peshawar,"Procurement Officer, Pakistan Telecommunication Authority","Pakistan Telecommunication Authority invites sealed bids from reputable firms for medical equipment. The scope includes supply, installation, testing and commissioning. Pre-qualification requirements apply.",https://ppra.gov.pk/#/tenders/detail/PPRA-2026-2690,PPRA Pakistan (Sample Data),2026-01-14 06:10:27
80,PPRA-2026-9570,FBR,Provision of Catering Services Services,Catering Services,PKR 495 Million,2025-12-26,2026-01-13,14:00,Closing Soon,Single Stage - Two Envelope,3%,Peshawar,"Procurement Officer, FBR",This tender is for the procurement of catering services as per the specifications mentioned in the bidding documents. All interested bidders must be registered with PPRA and should have relevant experience in similar projects.,https://ppra.gov.pk/#/tenders/detail/PPRA-2026-9570,PPRA Pakistan (Sample Data),2026-01-14 06:10:27
81,PPRA-2026-8750,Pakistan Post,Security Services - Annual Contract 2026,Security Services,PKR 204 Million,2025-12-25,2026-01-29,11:00,Active,Single Stage - Two Envelope,2%,Multan,"Procurement Officer, Pakistan Post",Technical and financial proposals are required. Evaluation will be based on quality and cost-based selection method. Minimum 3 years of experience required.,https://ppra.gov.pk/#/tenders/detail/PPRA-2026-8750,PPRA Pakistan (Sample Data),2026-01-14 06:10:27
82,PPRA-2026-2897,SNGPL,Supply and Installation of Civil Works,Civil Works,PKR 88 Lac,2026-01-06,2026-01-29,10:00,Closing Soon,Two Stage,5%,Quetta,"Procurement Officer, SNGPL","SNGPL invites sealed bids from reputable firms for civil works. The scope includes supply, installation, testing and commissioning. Pre-qualification requirements apply.",https://ppra.gov.pk/#/tenders/detail/PPRA-2026-2897,PPRA Pakistan (Sample Data),2026-01-14 06:10:27
83,PPRA-2026-9852,Sindh Government,Supply and Installation of Transportation,Transportation,As per BOQ,2026-01-10,2026-01-31,11:00,Active,Direct Contracting,3%,Peshawar,"Procurement Officer, Sindh Government",Bidding document can be downloaded from PPRA website. Last date for submission of bids is 31-Jan-2026. Bid security of 2% is required.,https://ppra.gov.pk/#/tenders/detail/PPRA-2026-9852,PPRA Pakistan (Sample Data),2026-01-14 06:10:27
84,PPRA-2026-5959,Ministry of Education,Construction/Renovation Works at Ministry of Education,Security Services,PKR 97 Lac,2025-12-16,2026-01-04,15:00,Active,Two Stage,1%,Rawalpindi,"Procurement Officer, Ministry of Education",Technical and financial proposals are required. Evaluation will be based on quality and cost-based selection method. Minimum 8 years of experience required.,https://ppra.gov.pk/#/tenders/detail/PPRA-2026-5959,PPRA Pakistan (Sample Data),2026-01-14 06:10:27
85,PPRA-2026-7456,PEMRA,Provision of Catering Services Services,Catering Services,PKR 212 Million,2025-12-24,2026-01-20,10:00,Open,Single Stage - Two Envelope,1%,Multan,"Procurement Officer, PEMRA",This is a re-advertisement. Previous tender reference may be found in the bidding documents. Enhanced specifications and revised scope of work included.,https://ppra.gov.pk/#/tenders/detail/PPRA-2026-7456,PPRA Pakistan (Sample Data),2026-01-14 06:10:27
86,PPRA-2026-4662,PTCL,Provision of IT Equipment Services,IT Equipment,As per BOQ,2025-12-26,2026-01-30,15:00,Closing Soon,Direct Contracting,3%,Multan,"Procurement Officer, PTCL",This is a re-advertisement. Previous tender reference may be found in the bidding documents. Enhanced specifications and revised scope of work included.,https://ppra.gov.pk/#/tenders/detail/PPRA-2026-4662,PPRA Pakistan (Sample Data),2026-01-14 06:10:27
87,PPRA-2026-4991,WAPDA,Procurement of Laboratory Equipment for WAPDA,Laboratory Equipment,PKR 86 Lac,2026-01-07,2026-02-08,13:00,Closing Soon,Direct Contracting,5%,Quetta,"Procurement Officer, WAPDA",This is a re-advertisement. Previous tender reference may be found in the bidding documents. Enhanced specifications and revised scope of work included.,https://ppra.gov.pk/#/tenders/detail/PPRA-2026-4991,PPRA Pakistan (Sample Data),2026-01-14 06:10:27
88,PPRA-2026-7256,Ministry of Health,Procurement of Consultancy Services for Ministry of Health,Consultancy Services,As per BOQ,2025-12-30,2026-02-01,14:00,Open,Single Stage - Single Envelope,2%,Peshawar,"Procurement Officer, Ministry of Health",Technical and financial proposals are required. Evaluation will be based on quality and cost-based selection method. Minimum 7 years of experience required.,https://ppra.gov.pk/#/tenders/detail/PPRA-2026-7256,PPRA Pakistan (Sample Data),2026-01-14 06:10:27
89,PPRA-2026-4194,NADRA,Supply and Installation of Software Development,Software Development,PKR 14 Million,2026-01-06,2026-01-31,16:00,Active,Direct Contracting,4%,Rawalpindi,"Procurement Officer, NADRA","NADRA invites sealed bids from reputable firms for software development. The scope includes supply, installation, testing and commissioning. Pre-qualification requirements apply.",https://ppra.gov.pk/#/tenders/detail/PPRA-2026-4194,PPRA Pakistan (Sample Data),2026-01-14 06:10:27
90,PPRA-2026-1191,Punjab Government,Consultancy for Transportation Project,Transportation,PKR 71 Lac,2026-01-06,2026-01-28,11:00,Closing Soon,Two Stage,3%,Quetta,"Procurement Officer, Punjab Government","Punjab Government invites sealed bids from reputable firms for transportation. The scope includes supply, installation, testing and commissioning. Pre-qualification requirements apply.",https://ppra.gov.pk/#/tenders/detail/PPRA-2026-1191,PPRA Pakistan (Sample Data),2026-01-14 06:10:27
91,PPRA-2026-5887,Higher Education Commission,Consultancy for Security Services Project,Security Services,PKR 94 Lac,2025-12-16,2026-01-27,11:00,Active,Single Stage - Two Envelope,4%,Karachi,"Procurement Officer, Higher Education Commission",Bidding document can be downloaded from PPRA website. Last date for submission of bids is 27-Jan-2026. Bid security of 2% is required.,https://ppra.gov.pk/#/tenders/detail/PPRA-2026-5887,PPRA Pakistan (Sample Data),2026-01-14 06:10:27
92,PPRA-2026-9929,Sindh Government,Construction/Renovation Works at Sindh Government,Renovation,As per BOQ,2026-01-11,2026-01-29,16:00,Closing Soon,Single Stage - Single Envelope,5%,Quetta,"Procurement Officer, Sindh Government",Bidding document can be downloaded from PPRA website. Last date for submission of bids is 29-Jan-2026. Bid security of 2% is required.,https://ppra.gov.pk/#/tenders/detail/PPRA-2026-9929,PPRA Pakistan (Sample Data),2026-01-14 06:10:27
93,PPRA-2026-9263,NEPRA,Provision of Security Services Services,Security Services,PKR 469 Million,2026-01-04,2026-02-14,16:00,Closing Soon,Direct Contracting,4%,Karachi,"Procurement Officer, NEPRA",Bidding document can be downloaded from PPRA website. Last date for submission of bids is 14-Feb-2026. Bid security of 2% is required.,https://ppra.gov.pk/#/tenders/detail/PPRA-2026-9263,PPRA Pakistan (Sample Data),2026-01-14 06:10:27
94,PPRA-2026-6252,KPK Government,IT Equipment - Annual Contract 2026,IT Equipment,PKR 421 Million,2025-12-28,2026-01-23,16:00,Active,Single Stage - Two Envelope,5%,Multan,"Procurement Officer, KPK Government",This tender is for the procurement of it equipment as per the specifications mentioned in the bidding documents. All interested bidders must be registered with PPRA and should have relevant experience in similar projects.,https://ppra.gov.pk/#/tenders/detail/PPRA-2026-6252,PPRA Pakistan (Sample Data),2026-01-14 06:10:27
95,PPRA-2026-9326,SNGPL,Supply and Installation of Maintenance,Maintenance,PKR 32 Lac,2025-12-30,2026-01-30,13:00,Active,Direct Contracting,5%,Lahore,"Procurement Officer, SNGPL",Bidding document can be downloaded from PPRA website. Last date for submission of bids is 30-Jan-2026. Bid security of 2% is required.,https://ppra.gov.pk/#/tenders/detail/PPRA-2026-9326,PPRA Pakistan (Sample Data),2026-01-14 06:10:27
96,PPRA-2026-2598,Pakistan Telecommunication Authority,Provision of Training Services Services,Training Services,Not Disclosed,2026-01-08,2026-02-16,10:00,Open,Two Stage,2%,Peshawar,"Procurement Officer, Pakistan Telecommunication Authority",This tender is for the procurement of training services as per the specifications mentioned in the bidding documents. All interested bidders must be registered with PPRA and should have relevant experience in similar projects.,https://ppra.gov.pk/#/tenders/detail/PPRA-2026-2598,PPRA Pakistan (Sample Data),2026-01-14 06:10:27
97,PPRA-2026-2054,FBR,Supply and Installation of Mechanical Works,Mechanical Works,PKR 36 Million,2025-12-30,2026-01-28,11:00,Active,Single Stage - Two Envelope,1%,Faisalabad,"Procurement Officer, FBR","FBR invites sealed bids from reputable firms for mechanical works. The scope includes supply, installation, testing and commissioning. Pre-qualification requirements apply.",https://ppra.gov.pk/#/tenders/detail/PPRA-2026-2054,PPRA Pakistan (Sample Data),2026-01-14 06:10:27
98,PPRA-2026-6006,Pakistan Railways,Construction/Renovation Works at Pakistan Railways,Civil Works,Not Disclosed,2026-01-13,2026-01-30,10:00,Active,Two Stage,3%,Islamabad,"Procurement Officer, Pakistan Railways",This tender is for the procurement of civil works as per the specifications mentioned in the bidding documents. All interested bidders must be registered with PPRA and should have relevant experience in similar projects.,https://ppra.gov.pk/#/tenders/detail/PPRA-2026-6006,PPRA Pakistan (Sample Data),2026-01-14 06:10:27
99,PPRA-2026-1212,Punjab Government,Supply and Installation of Software Development,Software Development,Not Disclosed,2026-01-08,2026-02-09,14:00,Extended,Direct Contracting,5%,Rawalpindi,"Procurement Officer, Punjab Government","Punjab Government invites sealed bids from reputable firms for software development. The scope includes supply, installation, testing and commissioning. Pre-qualification requirements apply.",https://ppra.gov.pk/#/tenders/detail/PPRA-2026-1212,PPRA Pakistan (Sample Data),2026-01-14 06:10:27
100,PPRA-2026-5457,NADRA,Construction/Renovation Works at NADRA,Printing Services,PKR 106 Million,2025-12-29,2026-01-21,15:00,Closing Soon,Two Stage,1%,Faisalabad,"Procurement Officer, NADRA",This tender is for the procurement of printing services as per the specifications mentioned in the bidding documents. All interested bidders must be registered with PPRA and should have relevant experience in similar projects.,https://ppra.gov.pk/#/tenders/detail/PPRA-2026-5457,PPRA Pakistan (Sample Data),2026-01-14 06:10:27
