title,organization_name,organization_url,detail_url,date_posted,last_date_to_apply,category,type,positions,views,short_description,description,attached_files,logo_url,employment_type
Hiring of a firm for Karandaaz Financial Inclusion Survey - Wave 3 (2026) (Data Collection),Karandaaz Pakistan,https://karandaaz.brightspyre.com,https://resume.brightspyre.com/jobs/ywnb_IGsUj5BZQwqrUaaDZKvILUs,2026-01-13,2026-01-26,Tender,,1,406,The purpose of this Request for Proposal (the “RFP”) is to solicit proposals from interested bidders for providing “Hiring of a firm for Karandaaz Financial Inclusion Survey - Wave 3 (2026) (Data Collection)” The RFP is designed to assess whether bidders are able to provide t ....,"The purpose of this Request for Proposal (the “RFP”) is to solicit proposals from interested bidders for providing “Hiring of a firm for Karandaaz Financial Inclusion Survey - Wave 3 (2026) (Data Collection)” The RFP is designed to assess whether bidders are able to provide the goods and services required (hereinafter jointly and severally referred to as the “Services”), and through a competitive and fair assessment, select a winning bidder for the Services for a long-term contract. 2. Karandaaz Pakistan invites sealed proposals from interested and eligible bidders. Further details on the Services required are provided in the Terms of Reference (Section 4 of RFP). 3. The bidder will be selected under open competitive procedures, in accordance with the Procurement Policies and Procedures of Karandaaz Pakistan (the “KRN Policy and Procedures”). In the event of any conflict or inconsistency in terms and conditions of the RFP and the KRN Policy and Procedures, the KRN Policy and Procedures shall prevail. 4. Karandaaz Pakistan anticipates issuing a Fixed Price Contract in PKR. 5. An award will be made based on the Quality and Cost based selection. 6. This RFP is only an invitation to the prospective Bidders to submit their proposal. It primarily contains indicative terms for the Bidders to submit their proposals and does not confer any rights to the Bidders. Any information contained in the RFP or provided to the Bidders is on the terms and conditions set out in this RFP. Karandaaz is providing this RFP without any warranty or representation, express or implied, as to its content, its accuracy or completeness and may at its absolute discretion, but without being under any obligation to do so, update, amend or supplement the information of this RFP. Each Bidder shall be responsible for conducting its own investigation and analysis and should check the accuracy, reliability and completeness of this RFP and where necessary obtain independent advice. In case of conflict between the provisions of this RFP and Addendum(s) to the RFP, the provisions of this RFP shall prevail unless stated otherwise. In case of any conflict between the provisions of this RFP, the decision of the Purchaser shall be final regarding the overriding effect of the respective provision. 7. Both technical and financial proposals must be submitted in a hard copy and electronically through email with subject: “Hiring of a firm for Karandaaz Financial Inclusion Survey - Wave 3 (2026) (Data Collection)” on or before 26th January, 2026. Bidders must prepare one hard copy of the technical proposal and one hard copy of the financial proposal, and submit them in separate sealed envelopes to the attention of ‘The Procurement Department’ 1-E, Ali Plaza, D Chowk, Mezzanine Floor, Nazimuddin Road, Blue Area, Islamabad, Pakistan. Bidders must also submit electronic copies of technical & financial proposals through email at [email protected] . Bidders must submit password protected electronic copies of financial proposal. Password for financial proposal will be requested by Karandaaz procurement department at the time of financial opening (if needed). Soft copy of the bids/proposals shall be considered in case of any discrepancy found with hardcopy.",57887_job_RFP 183 - KFIS Logistics and Fieldwork.pdf (https://www.brightspyre.com/uploadtor/57887_job_RFP 183 - KFIS Logistics and Fieldwork.pdf),https://resume.brightspyre.com/affiliates/KRN logo (colour and white)-01-constant contact-01-669e222da12ee.jpeg,Tender
Hiring of a firm for Karandaaz Financial Inclusion Survey - Wave 3 (2026) (Monitoring),Karandaaz Pakistan,https://karandaaz.brightspyre.com,https://resume.brightspyre.com/jobs/ywnb_IGsUj5BZQwqrUaaDZKvILUt,2026-01-13,2026-01-26,Tender,Tender,1,393,The purpose of this Request for Proposal (the “RFP”) is to solicit proposals from interested bidders for providing “Hiring of a firm for Karandaaz Financial Inclusion Survey - Wave 3 (2026) (Monitoring)” The RFP is designed to assess whether bidders are able to provide the go ....,"The purpose of this Request for Proposal (the “RFP”) is to solicit proposals from interested bidders for providing “Hiring of a firm for Karandaaz Financial Inclusion Survey - Wave 3 (2026) (Monitoring)” The RFP is designed to assess whether bidders are able to provide the goods and services required (hereinafter jointly and severally referred to as the “Services”), and through a competitive and fair assessment, select a winning bidder for the Services for a long-term contract. 2. Karandaaz Pakistan invites sealed proposals from interested and eligible bidders. Further details on the Services required are provided in the Terms of Reference (Section 4 of RFP). 3. The bidder will be selected under open competitive procedures, in accordance with the Procurement Policies and Procedures of Karandaaz Pakistan (the “KRN Policy and Procedures”). In the event of any conflict or inconsistency in terms and conditions of the RFP and the KRN Policy and Procedures, the KR Policy and Procedures shall prevail. 4. Karandaaz Pakistan anticipates issuing a Fixed Price Contract in PKR. 5. An award will be made based on the Quality and Cost based selection. 6. This RFP is only an invitation to the prospective Bidders to submit their proposal. It primarily contains indicative terms for the Bidders to submit their proposals and does not confer any rights to the Bidders. Any information contained in the RFP or provided to the Bidders is on the terms and conditions set out in this RFP. Karandaaz is providing this RFP without any warranty or representation, express or implied, as to its content, its accuracy or completeness and may at its absolute discretion, but without being under any obligation to do so, update, amend or supplement the information of this RFP. Each Bidder shall be responsible for conducting its own investigation and analysis and should check the accuracy, reliability and completeness of this RFP and where necessary obtain independent advice. In case of conflict between the provisions of this RFP and Addendum(s) to the RFP, the provisions of this RFP shall prevail unless stated otherwise. In case of any conflict between the provisions of this RFP, the decision of the Purchaser shall be final regarding the overriding effect of the respective provision. 7. Both technical and financial proposals must be submitted in a hard copy and electronically through email with subject: “Hiring of a firm for Karandaaz Financial Inclusion Survey - Wave 3 (2026) (Monitoring)” on or before 26th January, 2026. Bidders must prepare one hard copy of the technical proposal and one hard copy of the financial proposal, and submit them in separate sealed envelopes to the attention of ‘The Procurement Department’ 1-E, Ali Plaza, D Chowk, Mezzanine Floor, Nazimuddin Road, Blue Area, Islamabad, Pakistan. Bidders must also submit electronic copies of technical & financial proposals through email at [email protected] . Bidders must submit password protected electronic copies of financial proposal. Password for financial proposal will be requested by Karandaaz procurement department at the time of financial opening (if needed). Soft copy of the bids/proposals shall be considered in case of any discrepancy found with hardcopy.",57886_job_RFP 182 - KFIS Monitoring.pdf (https://www.brightspyre.com/uploadtor/57886_job_RFP 182 - KFIS Monitoring.pdf),https://resume.brightspyre.com/affiliates/KRN logo (colour and white)-01-constant contact-01-669e222da12ee.jpeg,Tender
Disposal of Scrap / Surplus Assets Umerkot Office,SHIFA FOUNDATION,,https://resume.brightspyre.com/jobs/ywnb_IGsUj5BZQwqrUaaDZKvILUq,2026-01-13,2026-01-21,Tender,,1,480,"Shifa Foundation, a not-for-profit organization established in 1991 (sister organization of Shifa International Hospital Ltd., Islamabad), invites sealed bids from interested and eligible individuals/firms for the disposal of scrap / surplus assets on an “AS IS, WHERE IS” basis. Detai ....","Shifa Foundation, a not-for-profit organization established in 1991 (sister organization of Shifa International Hospital Ltd., Islamabad), invites sealed bids from interested and eligible individuals/firms for the disposal of scrap / surplus assets on an “AS IS, WHERE IS” basis. Details of Scrap Assets All items will be disposed of as one single lot . Location: Umerkot Condition: Damaged / Not Working Items include Iron Cabinets Office Chairs (Revolving, Fixed, Plastic, Steel Foldable, Visitor Chairs) Wooden File Racks & Tables Refrigerator (Dawlance) Water Dispenser (Homage) Total Lots: 01 (All items combined) Inspection of Assets Interested bidders may inspect the assets at the following location: Venue: Shifa Foundation Field Office, Kisrani House, Near Thar Institute of Nursing, Bypass Road, Vehro, Umerkot Date: 17 January 2026 Time: 10:00 AM to 02:00 PM",57881_job_Tender Document for Disposal of Scrap Surplus Assets V1.pdf (https://www.brightspyre.com/uploadtor/57881_job_Tender Document for Disposal of Scrap Surplus Assets V1.pdf),https://resume.brightspyre.com/static/company.png,Apprenticeship
Request for Proposal - Hiring of a Firm for Commercial & Technical Due Diligence- AIMS,Karandaaz Pakistan,https://karandaaz.brightspyre.com,https://resume.brightspyre.com/jobs/ywnb_IGsUj5BZQwqrUaaDZKvILsv,2026-01-09,2026-01-22,Tender,Tender,1,1757,The purpose of this Request for Proposal (the “RFP”) is to solicit proposals from interested bidders for providing “Hiring of a Firm for Commercial & Technical Due Diligence- AIMS” The RFP is designed to assess whether bidders are able to provide the goods and services re ....,"The purpose of this Request for Proposal (the “RFP”) is to solicit proposals from interested bidders for providing “Hiring of a Firm for Commercial & Technical Due Diligence- AIMS” The RFP is designed to assess whether bidders are able to provide the goods and services required (hereinafter jointly and severally referred to as the “Services”), and through a competitive and fair assessment, select a winning bidder for the Services for a long-term contract. 2. Karandaaz Pakistan invites sealed proposals from interested and eligible bidders. Further details on the Services required are provided in the Terms of Reference (Section 4 of RFP). 3. The bidder will be selected, in accordance with the Procurement Policies and Procedures of Karandaaz Pakistan (the “KRN Policy and Procedures”). In the event of any conflict or inconsistency in terms and conditions of the RFP and the KRN Policy and Procedures, the KRN Policy and Procedures shall prevail. 4. Karandaaz Pakistan anticipates issuing a Fixed Price Contract in PKR. 5. An award will be made based on the Quality and Cost based selection. 6. This RFP is only an invitation to the prospective Bidders to submit their proposal. It primarily contains indicative terms for the Bidders to submit their proposals and does not confer any rights to the Bidders. Any information contained in the RFP or provided to the Bidders is on the terms and conditions set out in this RFP. Karandaaz is providing this RFP without any warranty or representation, express or implied, as to its content, its accuracy or completeness and may at its absolute discretion, but without being under any obligation to do so, update, amend or supplement the information of this RFP. Each Bidder shall be responsible for conducting its own investigation and analysis and should check the accuracy, reliability and completeness of this RFP and where necessary obtain independent advice. In case of conflict between the provisions of this RFP and Addendum(s) to the RFP, the provisions of this RFP shall prevail unless stated otherwise. In case of any conflict between the provisions of this RFP, the decision of the Purchaser shall be final regarding the overriding effect of the respective provision. 7. Both technical and financial proposals must be submitted in a hard copy and electronically through email with subject: “Hiring of a Firm for Commercial & Technical Due Diligence-AIMS” on or before 22nd January 2026. Bidders must prepare one hard copy of the technical proposal and one hard copy of the financial proposal, and submit them in separate sealed envelopes to the attention of ‘The Procurement Department’ 1-E, Ali Plaza, D Chowk, Mezzanine Floor, Nazimuddin Road, Blue Area, Islamabad, Pakistan. Bidders MUST also submit electronic copies of technical & financial proposals through email at [email protected] . Bidders must also submit password protected electronic copies of financial proposal. Password for financial proposal will be requested by Karandaaz procurement department at the time of financial opening (if needed).",57864_job_RFP-180 Commercial & Technical Due Diligence- AIMS.pdf (https://www.brightspyre.com/uploadtor/57864_job_RFP-180 Commercial & Technical Due Diligence- AIMS.pdf),https://resume.brightspyre.com/affiliates/KRN logo (colour and white)-01-constant contact-01-669e222da12ee.jpeg,Tender
Request for Proposal - Hiring of a Consulting Firm for XBRL Taxonomy,Karandaaz Pakistan,https://karandaaz.brightspyre.com,https://resume.brightspyre.com/jobs/ywnb_IGsUj5BZQwqrUaaDZKvILkq,2026-01-08,2026-02-17,Tender,Tender,1,2082,The purpose of this Request for Proposal (the “RFP '') is to solicit proposals from bidders intereste in providing consultancy services for assessing the current Taxonomy (prepared by ICAP for non-specialized listed companies) and its applicability and extension to cover all other classes of c ....,"The purpose of this Request for Proposal (the “RFP '') is to solicit proposals from bidders intereste in providing consultancy services for assessing the current Taxonomy (prepared by ICAP for non-specialized listed companies) and its applicability and extension to cover all other classes of companies or IFRS compliant universal Taxonomy covering all classes of companies in terms of its suitability and efficacy, aligning it with Global IFRS standards, and localizing it as per local laws, rules and regulations for future XBRL implementation at the Securities and Exchange Commission of Pakistan (hereinafter referred to as the “Services”). The RFP is designed to assess whether bidders are able to provide the Services, through a competitive and fair assessment, and select a winning bidder for the Services for a long-term contract. • Karandaaz Pakistan invites sealed proposals from interested and eligible bidders. Further details on the Services required are provided in the Terms of Reference (Section 4 of this RFP). • The bidder will be selected under open competitive procedures, in accordance with the Procurement Policies and Procedures of Karandaaz Pakistan (the “KRN Policy and Procedures”). In the event of any conflict or inconsistency in terms and conditions of this RFP and the KRN Policy and Procedures, the KRN Policy and Procedures shall prevail. • Karandaaz Pakistan anticipates issuing a Fixed Price Contract in PKR/USD. • An award will be made based on the Quality and Cost based selection. • This RFP is only an invitation to the prospective bidders to submit their proposal. It primarily contains indicative terms for the bidders to submit their proposals and does not confer any rights to the bidders. Any information contained in the RFP or provided to the bidders is on the terms and conditions set out in this RFP. Karandaaz Pakistan is providing this RFP without any warranty or representation, express or implied, as to its content, its accuracy or completeness and may at its absolute discretion, but without being under any obligation to do so, update, amend or supplement the information of this RFP. Each bidder shall be responsible for conducting its own investigation and analysis and should check the accuracy, reliability, and completeness of this RFP and where necessary obtain independent advice. In case of conflict between the provisions of this RFP and Addendum(s) to the RFP, the provisions of this RFP shall prevail unless stated otherwise. In case of any conflict between the provisions of this RFP, the decision of Karandaaz Pakistan shall be final regarding the overriding effect of the respective provision. Both technical and financial proposals must be submitted in a hard copy and in electronic format through email with the subject “Hiring of a Consulting Firm for XBRL Taxonomy” at [email protected] on 17th February 2026. Bidders must prepare one hard copy of the pre-qualification documents, technical proposal and the financial proposal, and submit each of them in separate sealed envelopes to the attention of ‘The Procurement Department’ 1-E, Ali Plaza, D Chowk, Mezzanine Floor, Nazimuddin Road, Blue Area, Islamabad. Hard copy of the bids/proposals shall be considered in case of any discrepancy found with the soft copy. Bidders MUST also submit electronic copies of both technical & financial proposals through email at [email protected] . The electronic copies of the financial proposals must be password protected. Password for the financial proposal will be requested by Karandaaz Pakistan’s procurement department at the time of financial opening only from the technically qualified bidders (if needed).",57841_job_RFP 167-XBRL Taxonomy.pdf (https://www.brightspyre.com/uploadtor/57841_job_RFP 167-XBRL Taxonomy.pdf),https://resume.brightspyre.com/affiliates/KRN logo (colour and white)-01-constant contact-01-669e222da12ee.jpeg,Tender
Invitation for Quotation Meetings & Trainings Management Services,SHIFA FOUNDATION,,https://resume.brightspyre.com/jobs/ywnb_IGsUj5BZQwqrUaaDZKvIL4s,2026-01-08,2026-01-19,Tender,,1,2354,"Shifa Foundation(Established in 1991 – Sister Organization of Shifa International Hospital Ltd., Islamabad) Request for Quotation Shifa Foundation, a Not-for-Profit organization implementing projects across Sindh, Punjab, Khyber Pakhtunkhwa (KPK), and Gilgit-Baltistan (GB), invites sealed ....","Shifa Foundation (Established in 1991 – Sister Organization of Shifa International Hospital Ltd., Islamabad) Request for Quotation Shifa Foundation, a Not-for-Profit organization implementing projects across Sindh, Punjab, Khyber Pakhtunkhwa (KPK), and Gilgit-Baltistan (GB) , invites sealed quotations from eligible and registered vendors for the provision of Meetings and Trainings Management Services across Pakistan. Scope of Services Vendors are requested to submit quotations for the following categories: Sr. # Item Description Specification Details Quantity Required 1 Lunch Items As per Annexure-A As & when required (Across Pakistan) 2 Tea Arrangements for Trainings As per Annexure-A As & when required 3 Printing Material As per Annexure-A As & when required 4 Stationery Items As per Annexure-A As & when required D etailed specifications are provided in Attached Annexure-A. Mandatory Documents to be Submitted Company Registration / Incorporation Certificate NTN & GST Registration Certificates Valid Food Authority License (where applicable) Evidence of Financial Strength (Bank Statement / Account Evidence) Complete Company Profile",57837_job_RFQ for Meeting  Training  Arrangement V1.pdf (https://www.brightspyre.com/uploadtor/57837_job_RFQ for Meeting  Training  Arrangement V1.pdf),https://resume.brightspyre.com/static/company.png,Tender
Request for Proposals for Impact Assessment of the Growtech Initiative,Karandaaz Pakistan,https://karandaaz.brightspyre.com,https://resume.brightspyre.com/jobs/ywnb_IGsUj5BZQwqrUaaDZKvL7Uu,2026-01-02,2026-01-15,Tender,Tender,1,4442,The purpose of this Request for Proposal (the “RFP”) is to solicit proposals from interested bidders for providing “Impact Assessment of the Growtech Initiative.” The RFP is designed to assess whether bidders are able to provide the goods and services required (hereinafter jo ....,"The purpose of this Request for Proposal (the “RFP”) is to solicit proposals from interested bidders for providing “Impact Assessment of the Growtech Initiative.” The RFP is designed to assess whether bidders are able to provide the goods and services required (hereinafter jointly and severally referred to as the “Services”), and through a competitive and fair assessment, select a winning bidder for the Services for a long-term contract. 2. Karandaaz Pakistan invites sealed proposals from interested and eligible bidders. Further details on the Services required are provided in the Terms of Reference (Section 4 of RFP). 3. The bidder will be selected, in accordance with the Procurement Policies and Procedures of Karandaaz Pakistan (the “KRN Policy and Procedures”). In the event of any conflict or inconsistency in terms and conditions of the RFP and the KRN Policy and Procedures, the KRN Policy and Procedures shall prevail. 4. Karandaaz Pakistan anticipates issuing a Fixed Price Contract in PKR. 5. An award will be made based on the Quality and Cost based selection. 6. This RFP is only an invitation to the prospective Bidders to submit their proposal. It primarily contains indicative terms for the Bidders to submit their proposals and does not confer any rights to the Bidders. Any information contained in the RFP or provided to the Bidders is on the terms and conditions set out in this RFP. Karandaaz is providing this RFP without any warranty or representation, express or implied, as to its content, its accuracy or completeness and may at its absolute discretion, but without being under any obligation to do so, update, amend or supplement the information of this RFP. Each Bidder shall be responsible for conducting its own investigation and analysis and should check the accuracy, reliability and completeness of this RFP and where necessary obtain independent advice. In case of conflict between the provisions of this RFP and Addendum(s) to the RFP, the provisions of this RFP shall prevail unless stated otherwise. In case of any conflict between the provisions of this RFP, the decision of the Purchaser shall be final regarding the overriding effect of the respective provision. 7. Both technical and financial proposals must be submitted in a hard copy and electronically through email with subject: “Impact Assessment of the Growtech Initiative” on 15 January, 2026. Bidders must prepare one hard copy of the technical proposal and one hard copy of the financial proposal, and submit them in separate sealed envelopes to the attention of ‘The Procurement Department’ 1- E, Ali Plaza, D Chowk, Mezzanine Floor, Nazimuddin Road, Blue Area, Islamabad, Pakistan. Bidders MUST also submit electronic copies of technical & financial proposals through email at [email protected] . Bidders must also submit password protected electronic copies 3 of financial proposal. Password for financial proposal will be requested by Karandaaz procurement department at the time of financial opening (if needed). Soft copy of the bids/proposals shall be considered in case of any discrepancy found with hardcopy. Yours sincerely, The Procurement Department Karandaaz Pakistan",57785_job_RFP 179-Growtech Impact Assessment_311225 (002).pdf (https://www.brightspyre.com/uploadtor/57785_job_RFP 179-Growtech Impact Assessment_311225 (002).pdf),https://resume.brightspyre.com/affiliates/KRN logo (colour and white)-01-constant contact-01-669e222da12ee.jpeg,Tender
Ophthalmic Equipment / Microscope with Accessories,Confidential,https://coavs.brightspyre.com,https://resume.brightspyre.com/jobs/ywnb_IGsUj5BZQwqrUaaDZKvL7wo,2025-12-26,2026-01-26,Tender,Tender,1,6749,Ophthalmic Equipment / Microscope with Accessories Required In Eye Care Project Sr.# Items Quantity 1 Microscope for Ophthalmic / Eye Operation Theater with all accessories 01 / 02 Terms & conditions; Last date for quotation submissi ....,Ophthalmic Equipment / Microscope with Accessories Required In Eye Care Project Sr.# Items Quantity 1 Microscope for Ophthalmic / Eye Operation Theater with all accessories 01 / 02 Terms & conditions; Last date for quotation submission is 29-December-2025. All taxes included in the quoted price. Sales Tax Registered Vendors will be preferred. Payments will be made after deduction of all applicable taxes through cross cheque only with in fifteen days of delivery as according to the approved samples. NTN / STRN must be mentioned on quotations. Send your quotations to iehpproj @gmail.com,,https://resume.brightspyre.com/affiliates/COAVS-6448f014e2a3a.jpeg,Tender
Request for Quotation – Provision of Interactive white boards and equipment’s,Taleem Foundation,,https://resume.brightspyre.com/jobs/ywnb_IGsUj5BZQwqrUaaDZKvLbks,2025-12-12,2026-01-15,Tender,,,11006,"Subject: Request of Quotation – Provision of Interactive white boards and equipment's. Taaleem Foundation (TF) is a professionally managed, PCP-certified, nonprofit community support organization set up in 1989 by Dr Zafar Qadir who wanted to bring about positive social change through educati ....","Subject: Request of Quotation – Provision of Interactive white boards and equipment’s. Taaleem Foundation (TF) is a professionally managed, PCP-certified, nonprofit community support organization set up in 1989 by Dr Zafar Qadir who wanted to bring about positive social change through education in Balochistan. 30 years later, Taaleem Foundation is now an established development organization, working in the fields of education, healthcare, social mobilization, vocational skills, cultural heritage, surveys & analytics, climate change, biodiversity, renewable energy and developing / deploying technological applications for social sector solutions for integrated community development. Information of Goods/Supplier/Service provider: 1. Name of Business: 2. Name of Owner : 3. Contact Number : 4. CNIC/NTN: 5. Location : You are kindly requested to submit your sealed price quotation(s) in writing to the address mentioned below under the heading “Terms and Conditions”, no later than 15 Dec, 2025 , time 05:00PM. (Annex A is attached) If you have any questions or need further information, please do not hesitate to contact us. We are happy to assist you. We sincerely appreciate your interest in collaborating with Taaleem Foundation, and we look forward to receiving your competitive quotation(s) for our review and consideration. Thank you for your time and attention to this matter. Subhan Ahmad Aftab Manager Admin&Procurement, 0306-2944503/ [email protected] Taaleem Foundation, House # 10A, Sunset Street, Green Avenue, Chatha Bakhtawar, Islamabad.",57547_job_RFQ for Interactive white boards and equipments.pdf (https://www.brightspyre.com/uploadtor/57547_job_RFQ for Interactive white boards and equipments.pdf),https://resume.brightspyre.com/static/company.png,Apprenticeship
Request for Proposal (RFP) for a firm to Develop an Anti-Benami Portal for Federal Board of Revenue (FBR),Adam Smith International,https://adamsmith.brightspyre.com,https://resume.brightspyre.com/jobs/ywnb_IGsUj5BZQwqrUaaDZKvLbkp,2025-12-12,2026-01-14,Tender,Tender,1,12308,RFP Details Name of the Assignment is: Request for Proposal (RFP) for a firm to Develop an Anti-Benami Portal for Federal Board of Revenue (FBR) The method of selection is Quality and Cost Based Selection (QCBS) Method Financial Proposal to be submitted t ....,"RFP Details Name of the Assignment is: Request for Proposal (RFP) for a firm to Develop an Anti-Benami Portal for Federal Board of Revenue (FBR) The method of selection is Quality and Cost Based Selection (QCBS) Method Financial Proposal to be submitted together with Technical Proposal: Yes Proposals must be submitted no later than the following date and time: Wednesday 14th January at 11.59 PM PST. Expected date for commencement of services: 02.02.2026 Clarifications and queries should be directed to: [email protected] Pre bid meeting: 23rd December 2025 (online) Firms may prepare joint bids, or bid as a consortium with one lead firm: No Amounts payable to the Firm under the contract to be subject to local taxation, stamp duty and service charges, if applicable: Yes The firm must submit (i) the Technical Proposal, and (ii) the Financial Proposal. Soft copies to be sent to: [email protected] Brief overview The Revenue Mobilisation, Investment and Trade (REMIT) programme is a multi-year (2019–2028) technical assistance initiative funded by the Foreign, Commonwealth & Development Office (FCDO), United Kingdom. REMIT supports the Government of Pakistan in undertaking strategic economic reforms aimed at strengthening macroeconomic stability, enhancing revenue mobilisation, improving the investment climate, facilitating trade, and promoting sustainable economic growth.As part of its Revenue Mobilisation Workstream, REMIT works closely with the Federal Board of Revenue (FBR) to improve compliance, broaden the tax base, and strengthen institutional capacity. This includes supporting FBR’s digital transformation agenda by helping modernise systems, streamline processes, and enhance user experience across various taxpayer-facing and enforcement platforms. Within this mandate, REMIT is supporting FBR’s Anti-Benami Initiative (ABI) to design and implement a modern, integrated digital portal and case management system. This platform will strengthen FBR’s ability to identify, investigate, adjudicate, and enforce actions against benami properties under the Benami Transactions (Prohibition) Act, 2017. The assignment focuses on architecting and delivering a secure end-to-end solution that integrates multiple agencies, provides real-time visibility of cases, and serves both internal users and the general public. 1.1 Task Background FBR established the Anti-Benami Initiative (ABI) Zones following the enactment of the Benami Transactions (Prohibition) Act, 2017. The legislation aims to address benami transactions, where property or assets are held in the name of a person (or a fictitious entity) while the actual financial beneficiary remains concealed. Such practices are often used to obscure sources of income, evade taxes, or defraud creditors. To operationalise the law, FBR set up dedicated ABI Zones in major cities, including Islamabad, Lahore, and Karachi. These zones are empowered to investigate benami transactions and, where warranted, seize properties, vehicles, and other assets determined to be benami. While the existing legal and administrative framework provides the basis for identifying, investigating, and adjudicating benami cases, the process remains cumbersome, relying on manual and fragmented information gathered through complaints, intelligence inputs, and limited data sources. The absence of a centralised and integrated system continues to hinder the efficiency, effectiveness, and scalability of the initiative, underscoring the need for a more structured and technology-enabled approach. Primarily, this assignment will be focusing on the development of a dedicated digital portal which will help address these issues and provide a consolidated digital solution. The timing of this intervention is also appropriate: enforcement activity is rising, ABI Zones are maturing, and FBR is under active digital transformation, making this the right moment to embed a system that can sustain and scale the work for the next decade. 1.2 Objectives of the Assignment The Objectives of the assignment are as follows: Design and develop a secure, scalable Anti-Benami Portal and Case Management System that supports the full lifecycle of benami cases—from complaint submission and investigation to adjudication, appeals, enforcement, and asset management. Establish a centralised digital repository of benami complaints, persons, properties, and case histories accessible to authorised stakeholders in real time. Enable public engagement through an easy-to-use complaint interface, awareness material, and a transparent complaint-tracking mechanism. Streamline workflows for investigators, adjudicating authorities, and enforcement units to reduce delays, eliminate duplication, and strengthen internal accountability. Improve inter-agency coordination through secure integrations with identity, property, banking, corporate, and tax-related systems. Provide advanced data analytics, including risk profiling, dashboards, and predictive modelling to enable evidence-based, targeted enforcement. Lay the foundation for long-term digital transformation of the Anti-Benami Initiative, ensuring sustainability, auditability, and institutional strengthening. 2. Scope of Work The selected vendor shall design, develop, deploy, and support an on-premise enterprise-grade IT ecosystem comprising the following components: 2.1 Core Modules ABI Website with dedicated Content Management System & digital assistant: This is public facing platform for introduction of ABI, mass awareness and citizen facilitation regarding Benami transactions. Benami Database/ Register: Containing details of existing or potential benami-dars. Benami Case Management System (BCMS) – covering the entire lifecycle for all Zones, offices of the ABI Investigation Module – evidence capture, statements, notices, workflow routing for office of the ABI wherever required Adjudication Module – hearings, orders, appeals, document bundling for ABI Zones, Authoritities, Adjudication authority and Appelate tribuanl Asset Management Module – tracking confiscated/attached assets. User & Role Management Module covering user provisioning/deprovisioning, Role hierarchies (IOs, ADs, Commissioners, Adjudicating Authority, Tribunal staff, IT admin, auditors, etc.), MFA integration, Audit trail viewing permissions Integration Interfaces with: FBR internal systems NADRA SECP Future integration with land registries, banks, provincial departments, etc. 2.2 Advanced Features AI/ML-powered Risk Profiling Engine for identifying potential Benami transactions. Digital Evidence Management including metadata tagging, chain-of-custody logs. Workflow Automation Engine for customizable process flows. Automated Document & Notice Generation Module with auto-generate notices under the Benami Act, template library with versioning, auto-population from case database, digital signatures (if FBR wants) Geo-Spatial Property Mapping (using third-party APIs if needed). e-Hearing Module for online hearings and adjudication support. Whistleblower/Complaint Portal for leads and public reporting. The portal to offer citizens complaint tracking. Secure Communication & Collaboration Module for investigators and authorities. Analytics Dashboard & Data Warehouse for insights, KPIs, and predictive modelling. Mobile Application for investigators (Android + iOS). In order to accomplish the above scope, the assignment will also include: Conducting a comprehensive review of existing workflows and legal requirements under the Benami Transactions (Prohibition) Act, 2017. Mapping existing case management processes, data flows, and gaps across ABI zones and adjudicating authorities. Digitising existing records and case for migration onto the portal Designing functional specifications for key system modules, including public complaint portal, case management system, adjudication interface, and reporting dashboard. Defining non-functional requirements covering security, data privacy, performance, and interoperability with FBR systems (e.g., IRIS, property and vehicle registries). Developing and validating wireframes and prototypes through structured stakeholder consultations. Building and deploying the final system with end-to-end integration, testing, and operational handover. Supporting ABI Zones in initial training, documentation, and orientation to ensure effective system adoption and sustainability. 2.3 Technical Requirements The proposed solution must be designed using modern good practices to ensure reliability, security, scalability, and long-term sustainability. Vendors are expected to clearly explain how their proposed architecture, technologies, and integration approach will meet the following requirements. 2.3.1 Architecture Modular, API-first architecture On-premise deployment in FBR’s data center High availability & redundancy Scalable to 500+ users Role-based access control (RBAC) 2.3.2 Technology Stack Vendors may propose any robust, enterprise-grade technology stack. The following technologies are preferred but not mandatory: Backend Frameworks: Java, .NET, or other modern, well-supported open-source frameworks suitable for enterprise applications. Databases: PostgreSQL, Oracle, or Microsoft SQL Server, with support for indexing, replication, and secure storage of sensitive data. Deployment & Infrastructure: Containerized environments such as Docker, with orchestration through Kubernetes or similar platforms, are preferred to provide better scalability, resilience, and ease of deployment. AI/ML Components: Python-based frameworks such as TensorFlow, PyTorch, and Scikit-Learn should be used for building the AI/ML risk profiling engine and predictive analytics modules. The vendor must justify their chosen stack from a standpoint of security, performance, maintainability, and availability of skilled resources in Pakistan. 2.3.3 Security Compliance Security is of paramount importance due to the sensitive nature of Benami investigation data. The system must comply with internationally recognized best practices and standards, particularly ISO 27001 for information security management and FBR’s indigeneous data security policy. The solution must incorporate the following: Compliance with ISO 27001 End-to-end encryption (data at rest & in transit) Detailed audit logs Multi-factor authentication Secure coding practices (OWASP Top 10) Deliverables The deliverables expected during this assignment include, but are not limited to: - # Deliverable Description Timelines 1 Project Inception Report Detailed project plan, team mobilization, kickoff meeting, communication plan Feb 26 2 System Requirement Specification (SRS) Comprehensive functional & non-functional requirements, data flows, user roles, integration needs Mar 26 3 System Design Document (SDD) Architecture design, database schema, integration architecture, security blueprint, UX/UI design Apr 26 4 Prototype / Wireframes Clickable prototype demonstrating key screens and workflows Apr 26 5 Development of Core Modules Case Management, Investigation, Adjudication, Asset Management Jun 26 6 Development of Advanced Modules AI/ML Risk Engine, Digital Evidence Management, Workflow Automation, Geo-spatial Mapping, e-Hearings, Collaboration Tools Jul 26 7 API Integrations Integration with NADRA, SECP, FBR internal systems, and readiness for future integrations Aug 26 8 Mobile Application Development of Android & iOS mobile apps for investigators Sep 26 9 Data Warehouse & Analytics Dashboard Reporting engine, dashboards, predictive analytics, data models Sep 26 10 System Testing Functional testing, security testing, performance testing Sep 26 11 User Acceptance Testing (UAT)** UAT with FBR teams, issue resolution, refinements Oct 26 12 Training & Capacity Building Training of trainers, end-user training sessions, training manuals Nov 26 13 Final Deployment (On-Premise) Production deployment in FBR data center, environment setup, backup & DR configuration Dec 26 14 Go-Live System go-live, stabilisation period Dec 26 15 Final Project Closure Report Summary of deliverables, compliance matrix, documentation handover Dec 26 16 One-Year Post-Deployment Support Maintenance, bug fixes, enhancements, helpdesk support Next 12 Months 4. Requisite Qualifications & Experience The selected firm should have the following portfolio Demonstrated experience in designing and developing secure, large-scale digital platforms, preferably for government or regulatory bodies. Proven track record of integrating systems with national data platforms or registries . Experience in workflow and case management systems, including complaint handling and data analytics features. Strong cybersecurity and data protection capabilities, with familiarity with Government security standards. Capacity to digitise and migrate manual records into structured digital platforms. Availability of a multidisciplinary technical team with expertise in backend/frontend development, architecture, cybersecurity, and UI/UX. Evidence of successful system deployment and post-implementation support on at least two comparable assignments. Ability to deliver training, documentation, and knowledge transfer to ensure sustainability of the solution. Instructions to Bidders Bidders should examine all Instructions, Terms and Conditions as given in the RFP. Failure to furnish information required in the RFP or submission of Bids not substantially responsive or viable in every respect will be at the Bidder’s risk and may result in rejection of the bids. Bidders should strictly submit the Bid as specified in the RFP, failing which the bids will be held as non-responsive and will be rejected. Bids shall compromise a single package containing two folders: Technical Proposal Financial Proposal Bidders should send soft copies of the Technical and Financial Proposal to the following address: Soft copies to be sent to: [email protected] Proposal Weightings Technical Proposal Evaluation Weighting Timelines and deliverables Bidders should outline milestones/deliverables and timelines as per scope of work listed above. 10% Experience/ credibility Firm’s capacity to deliver through evidence of past performance and quality and relevance of past work and references. Bidders should include contact information for no less than three references from projects similar in size, application, and scope and a brief description of their implementation (including location and year). ASI reserves the right to request and check additional references. Bidders should include in this section: Full legal name and address of the company Corporate and tax registration documents Year business was started or established Full name of the legal representative (president or managing director) of the company Name of any individuals or entities that own 50% of more of the company. Prospective firms must be legally registered under the laws of the country in which they are organised and possess all licenses, permits and government approvals necessary for performance of the work. 35% Approach and Methodology ASI will assess the quality of the response (proposal) based on the prospective firms’ approach to the assignment and the technical strength of the proposal. Approach and methodology should include the following: Methodology with clear implementation plan/strategy against each aspect of the ToRs. A brief staffing and human resource mobilisation plan. Details on system architecture 35% Financial Proposal Evaluation Weighting Financial Proposal ASI expects the price to be cost effective and reasonable as per current market rates and offer value for money. The financial proposal will comprise the following: Detailed Budget Breakdown: These may preferably be by milestone/deliverable. Professional fees (per resource, per day rate, number of days). Include justification for proposed level of effort (days). Reimbursable expenses (travel, accommodation, logistics, communications). Provide explanation if expenses exceed 25% of the total budget. Any third-party costs (software, data, domain hosting, etc.) Taxes, duties, and applicable levies The financial proposal will be evaluated on: Value for money offered, explained in ½ a page. This can include, for example: How the supplier will address recurrent costs involved in running the solution. An explanation for prices being competitive. Potential cost savings in the wake of a specific methodology/ approach. Total overall price (inclusive of taxes) against the lowest quoted price. Price of professional input fees. Price of reimbursable expenses including any third-party costs. The price quoted will be fixed for the entire contract. All prices are to be quoted in GBP and must clearly state all applicable taxes to be included in the quoted price. REMIT will not allow any compensation to the approved bidders for variation in the rate of exchange against dollar or any other currency. All offers in this respect should be firm and final. The quoted price must include all taxes, installation/integration services and the costs of delivery/implementation in the required locations. 20% 4.4 Proposal Terms 4.1 Prospective Firms’ Understanding of the Solicitation Prospective contractors are responsible for understanding the solicitation in its entirety and each of its elements and should make inquiries to ASI as necessary to ensure such understanding. ASI reserves the right to disqualify any prospective vendor that it determines, at its sole discretion, does not understand the solicitation or any of its elements. Such disqualification shall be at no fault, cost, or liability whatsoever to ASI. 4.5 Information from ASI All information provided by ASI in this solicitation is subject to change at any time. ASI makes no certification as to the accuracy of any item and is not responsible or liable for any use of or reliance on the information or for any claims asserted therefrom. 4.6 Communication All communications related to the RFP must be in writing to the above-mentioned email address. Verbal communication shall not be effective unless formally confirmed in writing by the procurement official listed in a sealed envelope to our designated location in Lahore. Formal Communications shall include, but are not limited to the following: Questions concerning this solicitation must be submitted in writing to the contact person mentioned above. Errors and omissions in this solicitation, as well as enhancements. Prospective firms should notify ASI of any discrepancies, errors, or omissions that may exist within this solicitation. Prospective vendors should recommend to ASI any enhancements to the work described in the solicitation which might be in ASI’ best interests. Inquiries about technical interpretations must be directly asked from contact person (Alexander Harris). Agenda: ASI will make a good-faith effort to provide a written response to the questions or requests for clarifications in the form of written responses or addenda in accordance with the Schedule of Events. Posting Online: Copy of this solicitation, will be available online at www.BrightSpyre.com. Non-Disclosure Agreement ASI reserves the right to require the prospective firms to enter into a non-disclosure agreement. No Collusion Collusion is strictly prohibited. Collusion is defined as an agreement or compact, written or oral, between two or more parties with the goal of limiting fair and open competition by deceiving, misleading, or defrauding a third party. Companies Owned or Controlled by Government The prospective vendor must disclose in writing with its Response if a government, its agents, or agencies, have an ownership or managerial interest in the company. Failure to disclose government ownership of managerial interest in the company will result in the prospective contractor’s offer being removed from consideration. Costs The solicitation does not oblige ASI to pay for any costs, of any kind whatsoever, which may be incurred by a prospective contractor/vendor or third parties, in connection with the Response. Intellectual Property Prospective vendors may not use any intellectual property of ASI including, but not limited to, all logos, trademarks, or trade names of ASI, at any time without the prior written approval of ASI. Prospective Contractors’ Responses All accepted Responses shall become the property of ASI and will not be returned. Partial Awarding ASI reserves the right to accept all or part of the Response when awarding a contract. No Liability ASI reserves the right to accept or reject any Response or to stop the procurement process at any time, without assigning any reason or liability. ASI shall not be liable to any prospective contractor, person, or entity for any losses, expenses, costs, claims, or damages of any kind.",,https://resume.brightspyre.com/affiliates/adam-65a11829d06cb.png,Tender
Request for Proposal-GROUP HEALTH INSURANCE YEAR 2026 -(Ref: FD-ISLA-00530),Handicap,https://handicap-international.brightspyre.com,https://resume.brightspyre.com/jobs/ywnb_IGsUj5BZQwqrUaaDZKvLL4o,2025-12-04,2026-12-15,Tender,,,14722,"REQUEST FOR PROPOSAL GROUP HEALTH INSURANCE YEAR 2026 (Ref: FD-ISLA-00530). Federation Handicap International works in around 60 countries in emergency, reconstruction, chronic crisis and development contexts.Since 1982, the association has been working alongside vulnerable populations and in par ....","REQUEST FOR PROPOSAL GROUP HEALTH INSURANCE YEAR 202 6 (Ref: FD-ISLA-00530). Federation Handicap International works in around 60 countries in emergency, reconstruction, chronic crisis and development contexts. Since 1982, the association has been working alongside vulnerable populations and in particular persons with disability. In the early 1980s, Handicap International's first activities in Pakistan focused on support for Afghan refugees and this work continued up until the end of the 1990s. Following a series of natural disasters, the organization returned to Pakistan to support vulnerable people caught up in several humanitarian crises. Federation Handicap International invites sealed Proposals from eligible, licensed and AA+( or Higher) rated insurance firms to provide GROUP HEALTH INSURANCE (Ref: PD-ISLA-00530 ) for its employees and their eligible dependents for the year 2026. The detailed specification and terms & conditions are mentioned in the Request for Proposal documents attached to this advertisement. Important Note: . The Tender is also published in the National Newspaper (Daily Jang-National Wide) of dated 05 December 2025 Deadline for submission of Sealed Proposals is 15-Dec-2025 at 17.30 Pakistan (GMT + 5) Attn: Procurement Department. Federation Handicap International House No 459, Main Service Road East, E-11/3, Islamabad. Office: +92 (0) 51 2769 998 0300 8560519 Any queries could be addressed through: [email protected]","57433_job_RFP_Health Insurance of Staff-Year 2026.docx (https://www.brightspyre.com/uploadtor/57433_job_RFP_Health Insurance of Staff-Year 2026.docx) | 57433_job_Annex 5 - SafeguardingFramework ID18.pdf (https://www.brightspyre.com/uploadtor/57433_job_Annex 5 - SafeguardingFramework ID18.pdf) | 57433_job_Annex 4 - HI Anti-fraud, bribery, and corruption policy.pdf (https://www.brightspyre.com/uploadtor/57433_job_Annex 4 - HI Anti-fraud, bribery, and corruption policy.pdf) | 57433_job_Annex 3 - Protection of beneficieries from sexual explotation abuse and harassment_policy.pdf (https://www.brightspyre.com/uploadtor/57433_job_Annex 3 - Protection of beneficieries from sexual explotation abuse and harassment_policy.pdf) | 57433_job_Annex 2  -  HI Child proectection policy.pdf (https://www.brightspyre.com/uploadtor/57433_job_Annex 2  -  HI Child proectection policy.pdf) | 57433_job_Annex 1 -  Code of conduct_ Integrity, Prevention of Abuse and Safeguarding.pdf (https://www.brightspyre.com/uploadtor/57433_job_Annex 1 -  Code of conduct_ Integrity, Prevention of Abuse and Safeguarding.pdf) | 57433_job_6. Annex F - Previous Year Claim History.pdf (https://www.brightspyre.com/uploadtor/57433_job_6. Annex F - Previous Year Claim History.pdf) | 57433_job_5. Annex E - Application Form.pdf (https://www.brightspyre.com/uploadtor/57433_job_5. Annex E - Application Form.pdf) | 57433_job_4. Annex D - HI Good Business Practices.pdf (https://www.brightspyre.com/uploadtor/57433_job_4. Annex D - HI Good Business Practices.pdf) | 57433_job_3. Annex C GENERAL PURCHASING CONDITION.pdf (https://www.brightspyre.com/uploadtor/57433_job_3. Annex C GENERAL PURCHASING CONDITION.pdf) | 57433_job_2. Annex B Tenderers Identification Form.pdf (https://www.brightspyre.com/uploadtor/57433_job_2. Annex B Tenderers Identification Form.pdf) | 57433_job_1. Annex A - List of HI Employees and Dependents.pdf (https://www.brightspyre.com/uploadtor/57433_job_1. Annex A - List of HI Employees and Dependents.pdf)",https://resume.brightspyre.com/affiliates/handicap-61e0105c3bd66.png,Apprenticeship
Request for Proposal (RFP) for a firm ‘To Support Sindh Investment Department (SID) & Board of Investment (BOI) to Improve Pakistan’s Competitive Ranking Under Business Ready (B-Ready) Index’,Adam Smith International,https://adamsmith.brightspyre.com,https://resume.brightspyre.com/jobs/ywnb_IGsUj5BZQwqrUaaDZKvK74s,2025-12-01,2026-12-16,Tender,,1,14980,RFP Details Name of the Assignment is: Support Sindh Investment Department (SID) & Board of Investment (BOI) to Improve Pakistan's Competitive Ranking Under Business Ready (B-Ready) Index The method of selection is Quality and Cost Based Selection (QCBS) Method ....,"RFP Details Name of the Assignment is: Support Sindh Investment Department (SID) & Board of Investment (BOI) to Improve Pakistan’s Competitive Ranking Under Business Ready (B-Ready) Index The method of selection is Quality and Cost Based Selection (QCBS) Method Financial Proposal to be submitted together with Technical Proposal: Yes Proposals must be submitted no later than the following date and time: Date: 16 th December 2025 at 5pm PKT. Expected date for commencement of services: 26th December 2025 Clarifications and queries should be directed to: [email protected] Pre bid meeting: No Firms may prepare joint bids, or bid as a consortium with one lead firm: No Amounts payable to the Firm under the contract to be subject to local taxation, stamp duty and service charges, if applicable: Yes Firm must submit (i) the Technical Proposal, and (ii) the Financial Proposal. Soft copies to be sent to: [email protected] Terms of Reference Brief overview Revenue Mobilisation, Investment and Trade (REMIT) programme is a nine-year (2019- 28) technical assistance programme funded by the Foreign, Commonwealth & Development Office (FCDO), United Kingdom to support Pakistan in implementing strategic reforms in the realm of economic development, trade, investment and revenue mobilisation. The key outcomes under the programme will be contributing towards strengthening the macroeconomic stability and improving conditions for high and sustained growth, mutual prosperity, job creation and poverty reduction in Pakistan. More specifically, REMIT programme aims at supporting the Government of Pakistan in the following areas: Enhance revenue mobilisation capabilities and help raise the tax/GDP ratio by increasing the number of taxpayers; Address the investment climate constraints faced by local and international businesses and support Pakistan in moving towards being one of the top reformer countries to do business in creating ease for businesses; Facilitate trade and drive competitiveness by reducing barriers to trade and reducing Pakistan’s trade deficit by helping increase exports; Modernise formulation and implementation of macroeconomic policy to avoid future financial crises. As part of the Investment Climate workstream, REMIT has been supporting the Government of Pakistan to advance a comprehensive regulatory reform programme aimed at strengthening the country’s business enabling environment. REMIT has helped federal and provincial counterparts identify bottlenecks, streamline regulatory processes, and introduce practical reforms that improve transparency, reduce compliance burdens, and modernise service delivery. Building on this work, REMIT is now supporting the Sindh Investment Department (SID), Board of Investment (BoI), and the Prime Minister’s Office to design and implement an ambitious reform programme aligned with the World Bank’s B-READY framework. Through the mobilisation of an experienced international consulting firm, REMIT will assist the government in developing a structured reform methodology, conducting diagnostics and benchmarking, engaging regulators and private sector stakeholders, and preparing actionable regulatory and operational reforms. This effort—spanning January to August 2025 aims to deliver sequenced reform packages that improve Pakistan’s competitiveness, enhance institutional capacity, and generate measurable de-facto improvements in business processes and service delivery. Task Background A consulting firm is required to work closely with the SID, BOI and the Prime Minister’s Office (PMO) to design and support the implementation of a comprehensive reform programme aligned with the World Bank’s B-READY assessment framework. The firm will undertake detailed regulatory and institutional diagnostics, benchmark Pakistan’s business processes against global best practices, and identify critical reforms across key domains such as business entry, property registration, utilities, labour, trade facilitation, taxation, and dispute resolution. Building on the federal reform methodology already tested by BoI, the firm will develop actionable reform proposals, prepare Decision Memos for submission to the Cabinet Committee on Regulatory Reforms (CCoRR) and relevant provincial authorities, and support the government in implementing regulatory, legislative, procedural, and digital improvements. A central part of the assignment is to strengthen institutional capability—equipping SID and BoI with the tools, methodologies, and reform tracking systems needed to sustain a structured, evidence-based approach to business environment reforms and ensure measurable de-facto improvements in service delivery and competitiveness. Objectives of the Assignment The objective of the assignment is to support the SID, BoI, and the PMO in designing and implementing a structured reform programme aligned with the B-READY framework. The firm will help identify critical regulatory and operational bottlenecks, develop evidence-based reform proposals, strengthen scoring and measurement mechanisms, and build institutional capacity to sustain a systematic approach to business environment reforms. Scope of Work Conduct Regulatory & Institutional Diagnostics Undertake a comprehensive assessment of federal and provincial regulatory and institutional frameworks to identify structural gaps, overlapping mandates, and inefficiencies linked to B-READY indicators. Benchmarking & Methodology Review Analyse the B-READY methodology and benchmark Pakistan’s current processes against global practices to identify scoring gaps and priority areas for reform. Regulatory Process Evaluation Review business-related procedures for legality, necessity, relevance, operational efficiency, and cost-effectiveness, and assess compliance requirements through consultations and regulatory impact assessments (RIA). Develop Actionable Reform Proposals Translate diagnostic findings into practical recommendations, including de-jure and de-facto reforms, supported by a strengthened measurement and scoring framework with time, cost, and compliance KPIs. Support Implementation & Reform Tracking Assist SID and BoI in implementing agreed reforms through legislative, regulatory, procedural, and digital changes, and develop an Excel-based reform tracking tool to monitor progress and expected improvements in B-READY scores. Stakeholder Consultations Conduct structured consultations with federal and provincial governments, private sector representatives, SMEs, women entrepreneurs, and development partners to validate proposed reforms and ensure institutional ownership. Decision Memo Preparation Prepare detailed Decision Memos for all agreed reforms for submission to the Cabinet Committee on Regulatory Reforms (CCoRR) and relevant provincial authorities. Communications & Outreach Support Work with SID and BoI to strengthen reform visibility through bilingual outreach materials, communication modules, and tools to demonstrate on-ground impact. Capacity Building & Workshops Organise capacity-building workshops for federal and provincial counterparts to enhance understanding of B-READY indicators, reform methodology, RIA processes, and reform implementation. Reform Roadmap & Final Action Plan Develop a phased reform roadmap outlining short-, medium-, and long-term actions, institutional responsibilities, delivery timelines, and monitoring mechanisms. D. Functional Requirements Timeline The firm is expected to deliver all outputs within the contract period (January–August 2026). The deadlines for each deliverable are as follows: Inception Report – 31 December 2025 Diagnostic & Benchmarking Report – 26 February 2026 Draft Reform Framework – 08 April 2026 Stakeholder Consultation & Validation Report – 06 May 2026 Reform Mapping Tool and Decision Memos – 17 June 2026 Outreach and Communications Strategy – 01 July 2026 Final Reform Action Plan – 22 July 2026 Final Presentation and submission of all supporting documents – 19 August 2026 Pakistan License, Clearance and Approvals The prospective vendors will include in the timeline any time needed to obtain any licenses, clearances, and/or approvals required under local legal requirements to produce or deliver the products and/or services described in the Scope of Work. Qualifications and Experience Firms should have demonstrated experience in the following: Proven track record and experience of successfully implementing guillotine and regulatory reforms internationally, especially in developing and emerging economies. Experience of delivering large scale projects aimed at improving the ease of doing business and stimulating economic growth through regulatory streamlining. Demonstrated expertise in conducting regulatory impact assessments (RIA), including legal, economic, and administrative reviews to evaluate regulatory bottlenecks and identify high-impact reforms. Experience working in multi-tiered governance systems, with the ability to navigate federal–provincial mandates, address overlapping institutional roles, and support coordinated reform delivery. Ability to conduct structured stakeholder consultations with government counterparts, private sector representatives, SMEs, women-led businesses, business associations, and development partners to validate reform proposals. Strong project management capability to mobilise and manage multidisciplinary teams (regulatory, legal, economic, digital governance, and M&E experts) for diagnostics, process mapping, benchmarking, and reform development. Proven record of developing institutional capabilities to sustain the regulatory reforms process. Strong demonstration of embedding digital tools for regulatory mapping, data analysis, and tracking reform progress along with sustainable knowledge management framework to handover regulatory databases to the GoP. Presence of technical team in Pakistan to support the GoP in delivering the reform intervention. Provision of verification by previous contractors or clients that they were satisfied by the service provided by the firm. The firm should clearly understand the services required and then fulfill them in the timelines provided. The firm should ensure one focal person within the team for the REMIT. Instructions to Bidders Bidders should examine all Instructions, Terms and Conditions as given in the RFP. Failure to furnish information required in the RFP or submission of Bids not substantially responsive or viable in every respect will be at the Bidder’s risk and may result in rejection of the bids. Bidders should strictly submit the Bid as specified in the RFP, failing which the bids will be held as non-responsive and will be rejected. Bids shall compromise a single package containing two folders: Technical Proposal Financial Proposal Bidders should send soft copies of the Technical and Financial Proposal to the following address: Soft copies to be sent to: [email protected] Proposal Weightings Technical Proposal Evaluation Weighting Timelines Bidders should outline milestones and timelines as per scope of work listed above to deliver four reform packages and built institutional capabilities for sustainability. 10% Experience/ credibility Firm’s capacity to deliver through evidence of past performance and quality and relevance of past work and references. Bidders should include Contact information for no less than three references from projects similar in size, application, and scope and a brief description of their implementation (including location and year). ASI reserves the right to request and check additional references. Bidders should include in this section: Full legal name and address of the company Corporate and tax registration documents Year business was started or established Full name of the legal representative (president or managing director) of the company Name of any individuals or entities that own 50% of more of the company 35% Approach and Methodology ASI will assess the quality of the Response (proposal) based on the prospective firms’ approach to the assignment and the technical strength of the proposal. Approach and methodology should include the following: Methodology with clear implementation plan/strategy against each aspect of the ToRs. Mechanisms to ensure sustainability and continuity until PRMI’s full implementation. A very brief staffing and human resource mobilization plan 35% Financial Proposal Evaluation Weighting Financial Proposal ASI expects the price to be cost effective and reasonable as per current market rates. The financial proposal will comprise the following: The financial proposal should be submitted with breakdown of costs. The price quoted will be fixed for the entire contract. All prices are to be quoted in GBP £ and must clearly state all applicable taxes to be included in the quoted price. REMIT will not allow any compensation to the approved bidders for variation in the rate of exchange against dollar or any other currency. All offers in this respect should be firm and final. The quoted price must include all taxes, installation/integration services and the costs of delivery/implementation in the required locations. 20% Prospective firms must be legally registered under the laws of the country in which they are organized and possess all licenses, permits and government approvals necessary for performance of the work. Proposal Terms Prospective Firms’ Understanding of the Solicitation Prospective contractors are responsible for understanding the solicitation in its entirety and each of its elements and should make inquiries to ASI as necessary to ensure such understanding. ASI reserves the right to disqualify any prospective vendor that it determines, at its sole discretion, does not understand the solicitation or any of its elements. Such disqualification shall be at no fault, cost, or liability whatsoever to ASI. Information from ASI All information provided by ASI in this solicitation is subject to change at any time. ASI makes no certification as to the accuracy of any item and is not responsible or liable for any use of or reliance on the information or for any claims asserted therefrom. Communication All communications related to the RFP must be in writing to the above-mentioned point of contact. Verbal communication shall not be effective unless formally confirmed in writing by the procurement official listed in a sealed envelope to our designated location in Lahore. Formal Communications shall include, but are not limited to the following: Questions concerning this solicitation must be submitted in writing to the contact person mentioned above. Errors and omissions in this solicitation, as well as enhancements. Prospective firms should notify ASI of any discrepancies, errors, or omissions that may exist within this solicitation. Prospective vendors should recommend to ASI any enhancements to the work described in the solicitation which might be in ASI’ best interests. Inquiries about technical interpretations must be directly asked from contact person (Alex Harris). Addenda : ASI will make a good-faith effort to provide a written response to the questions or requests for clarifications in the form of written responses or addenda in accordance with the Schedule of Events . Posting Online : Copy of this solicitation, will be available online at: www.BrightSpyre.com . Non-Disclosure Agreement ASI reserves the right to require the prospective firms to enter into a non-disclosure agreement. No Collusion Collusion is strictly prohibited. Collusion is defined as an agreement or compact, written or oral, between two or more parties with the goal of limiting fair and open competition by deceiving, misleading, or defrauding a third party. Companies Owned or Controlled by Government The prospective vendor must disclose in writing with its Response if a government, its agents, or agencies, have an ownership or managerial interest in the company. Failure to disclose a government ownership of managerial interest in the company will result in the prospective contractor’s offer being removed from consideration. Subcontracting The prospective contractor must disclose in writing with its Response any subcontracting that will take place under an award. Failure to disclose subcontracting relationships will result in the prospective contractor’s offer being removed from consideration. (if permitted by the solicitation) Costs The solicitation does not obligate ASI to pay for any costs, of any kind whatsoever, which may be incurred by a prospective contractor/vendor or third parties, in connection with the Response. Intellectual Property Prospective vendors may not use any intellectual property of ASI including, but not limited to, all logos, trademarks, or trade names of ASI, at any time without the prior written approval of ASI. Prospective Contractors’ Responses All accepted Responses shall become the property of ASI and will not be returned. Partial Awarding ASI reserves the right to accept all or part of the Response when awarding a contract. No Liability ASI reserves the right to accept or reject any Response or to stop the procurement process at any time, without assigning any reason or liability. ASI shall not be liable to any prospective contractor, person, or entity for any losses, expenses, costs, claims, or damages of any kind.",,https://resume.brightspyre.com/affiliates/adam-65a11829d06cb.png,Consultancy
Tender Notice for Auction of Vehicles,International Rescue Committee Inc.,https://irc1.brightspyre.com,https://resume.brightspyre.com/jobs/ywnb_IGsUj5BZQwqrUaaDZKtLrsi,2025-08-11,2026-08-24,Tender,,,50289,Relevant Experience: Job Description:,Relevant Experience: Job Description:,55669_job_Tender Notice.pdf (https://www.brightspyre.com/uploadtor/55669_job_Tender Notice.pdf),https://resume.brightspyre.com/affiliates/irc-logo.png,Apprenticeship
