reference_number,title,category,location,tor_document,application_form,source_page
653,211 TOR Financial Monitoring Expert Billion Tree Afforestation (BTASP),Consultancy,,http://wwf.org.pk/eoffice/consultancy/consultupload/653-16318-211 TOR Financial Monitoring Expert Billion Tree Afforestation (BTASP) .pdf,https://forms.office.com/e/sxNStCNxPM,https://wwf.org.pk/consultancy/
652,Tors 210 Wildlfie Crime Monitoring Trainer,Consultancy,,http://wwf.org.pk/eoffice/consultancy/consultupload/652-45402-Tors 210 Wildlfie Crime Monitoring Trainer.pdf,https://forms.office.com/e/sxNStCNxPM,https://wwf.org.pk/consultancy/
651,Tors 209 Support implementation of SMART in Deva Vital National Park,Consultancy,,http://wwf.org.pk/eoffice/consultancy/consultupload/651-85977-Tors 209 Support implementation of SMART in Deva Vital National Park.pdf,https://forms.office.com/e/sxNStCNxPM,https://wwf.org.pk/consultancy/
650,Tors 208 Rangers Safety and Well Being,Consultancy,,http://wwf.org.pk/eoffice/consultancy/consultupload/650-78293-Tors 208 Rangers Safety and Well Being.pdf,https://forms.office.com/e/sxNStCNxPM,https://wwf.org.pk/consultancy/
649,207 TORS Enhance awareness skills,Consultancy,,http://wwf.org.pk/eoffice/consultancy/consultupload/649-59812-207 TORS Enhance awareness skills.pdf,https://forms.office.com/e/sxNStCNxPM,https://wwf.org.pk/consultancy/
648,204 tors Hydrological Study RYK,Assessment/Study,RYK,http://wwf.org.pk/eoffice/consultancy/consultupload/648-30326-204 tors Hydrological Study RYK.pdf,https://forms.office.com/e/sxNStCNxPM,https://wwf.org.pk/consultancy/
647,203 TOR External Audit,Audit,,http://wwf.org.pk/eoffice/consultancy/consultupload/647-48357-203 TOR External Audit.pdf,https://forms.office.com/e/sxNStCNxPM,https://wwf.org.pk/consultancy/
646,201 TOR External Audit 25,Audit,,http://wwf.org.pk/eoffice/consultancy/consultupload/646-62246-201 TOR External Audit 25.pdf,https://forms.office.com/e/sxNStCNxPM,https://wwf.org.pk/consultancy/
644,199 TORs Smart project Gender,Consultancy,,http://wwf.org.pk/eoffice/consultancy/consultupload/644-89605-199 TORs Smart project Gender.pdf,https://forms.office.com/e/sxNStCNxPM,https://wwf.org.pk/consultancy/
643,198 Tors NTFP training,Training,,http://wwf.org.pk/eoffice/consultancy/consultupload/643-61922-198 Tors NTFP training .pdf,https://forms.office.com/e/sxNStCNxPM,https://wwf.org.pk/consultancy/
642,196 ToRs Third party Validation,Consultancy,,http://wwf.org.pk/eoffice/consultancy/consultupload/642-57216-196 ToRs Third party Validation.pdf,https://forms.office.com/e/sxNStCNxPM,https://wwf.org.pk/consultancy/
641,195 Animated video RPLC,General,,http://wwf.org.pk/eoffice/consultancy/consultupload/641-24574-195 Animated video RPLC.pdf,https://forms.office.com/e/sxNStCNxPM,https://wwf.org.pk/consultancy/
640,194 GIS MAPS TORs,GIS/Mapping,,http://wwf.org.pk/eoffice/consultancy/consultupload/640-51677-194 GIS MAPS TORs.pdf,https://forms.office.com/e/sxNStCNxPM,https://wwf.org.pk/consultancy/
639,193 TORs Develop of communication products designing,Consultancy,,http://wwf.org.pk/eoffice/consultancy/consultupload/639-23964-193 TORs Develop of communication products designing .pdf,https://forms.office.com/e/sxNStCNxPM,https://wwf.org.pk/consultancy/
638,192 TORs Photograpgy of WRAP in GB,Consultancy,GB,http://wwf.org.pk/eoffice/consultancy/consultupload/638-8241-192 TORs Photograpgy of WRAP in GB.pdf,https://forms.office.com/e/sxNStCNxPM,https://wwf.org.pk/consultancy/
637,191 Tors training on skill development,Training,,http://wwf.org.pk/eoffice/consultancy/consultupload/637-71388-191 Tors training on skill development .pdf,https://forms.office.com/e/sxNStCNxPM,https://wwf.org.pk/consultancy/
636,190 (ToRs) Consultancy Services for the Development of Communication Mater,Consultancy,,http://wwf.org.pk/eoffice/consultancy/consultupload/636-73808-190 (ToRs) Consultancy Services for the Development of Communication Mater.pdf,https://forms.office.com/e/sxNStCNxPM,https://wwf.org.pk/consultancy/
634,ToRs Biodiversity Assessment GSK,Assessment/Study,,http://wwf.org.pk/eoffice/consultancy/consultupload/634-85748-188-ToRs Biodiversity Assessment GSK Final.pdf,https://forms.office.com/e/sxNStCNxPM,https://wwf.org.pk/consultancy/
633,TOR Capacity Building Expert Billion Tree Afforestation Support Project (BTASP),Consultancy,,http://wwf.org.pk/eoffice/consultancy/consultupload/633-4711-187-TOR-Capacity Building Expert- Billion Tree Afforestation Support Project (BTASP) (1).pdf,https://forms.office.com/e/sxNStCNxPM,https://wwf.org.pk/consultancy/
632,TOR Photgrpahy 15 OCT,Consultancy,,http://wwf.org.pk/eoffice/consultancy/consultupload/632-74791-182-TOR-Photgrpahy-15 OCT.pdf,https://forms.office.com/e/sxNStCNxPM,https://wwf.org.pk/consultancy/
631,TORs for Consultancy for Training on NTFP (1),Training,,http://wwf.org.pk/eoffice/consultancy/consultupload/631-1819-186-TORs for Consultancy for Training on NTFP (1) (1).pdf,https://forms.office.com/e/sxNStCNxPM,https://wwf.org.pk/consultancy/
630,TORs Development of communication products,Consultancy,,http://wwf.org.pk/eoffice/consultancy/consultupload/630-10963-185-TORs-Development of communication products.pdf,https://forms.office.com/e/sxNStCNxPM,https://wwf.org.pk/consultancy/
628,24536 178 TORs PrepartionofReports vF,Consultancy,,http://wwf.org.pk/eoffice/consultancy/consultupload/628-65528-628-24536-178-TORs_PrepartionofReports_vF.pdf,https://forms.office.com/e/sxNStCNxPM,https://wwf.org.pk/consultancy/
627,TORs for Consultancy for Training on NRM,Training,,http://wwf.org.pk/eoffice/consultancy/consultupload/627-57998-175-TORs for Consultancy for Training on NRM (1).pdf,https://forms.office.com/e/sxNStCNxPM,https://wwf.org.pk/consultancy/
626,Audit Term of Reference PF & GF 23 9 2025,Audit,,http://wwf.org.pk/eoffice/consultancy/consultupload/626-97994-173-Audit Term of Reference-PF & GF-23-9-2025.pdf,https://forms.office.com/e/sxNStCNxPM,https://wwf.org.pk/consultancy/
625,TORs TNC Reporting Socktaking Exercise (1),Consultancy,,http://wwf.org.pk/eoffice/consultancy/consultupload/625-77833-172-TORs TNC Reporting Socktaking Exercise (1) (2).pdf,https://forms.office.com/e/sxNStCNxPM,https://wwf.org.pk/consultancy/
624,TORs WQT,Consultancy,,http://wwf.org.pk/eoffice/consultancy/consultupload/624-1311-171-TORs- WQT (2).pdf,https://forms.office.com/e/sxNStCNxPM,https://wwf.org.pk/consultancy/
623,TORs Miyawaki Urban Forest at Agha Khan Foundation School (2),Consultancy,,http://wwf.org.pk/eoffice/consultancy/consultupload/623-22998-170-TORs- Miyawaki Urban Forest at Agha Khan Foundation School (2)_compressed.pdf,https://forms.office.com/e/sxNStCNxPM,https://wwf.org.pk/consultancy/
622,TORs Strengthen CBOs & WUGs across Recharge Pakistan targetted sites (2),Consultancy,,http://wwf.org.pk/eoffice/consultancy/consultupload/622-10396-169-TORs-Strengthen CBOs  &  WUGs across Recharge Pakistan targetted sites (2)_compressed.pdf,https://forms.office.com/e/sxNStCNxPM,https://wwf.org.pk/consultancy/
621,TOR SMEP LCA and LCC of 1m2 of finished Bovine leather of Pakistan,Consultancy,,http://wwf.org.pk/eoffice/consultancy/consultupload/621-62228-168-TOR- SMEP LCA and LCC of 1m2 of finished Bovine leather of Pakistan.pdf,https://forms.office.com/e/sxNStCNxPM,https://wwf.org.pk/consultancy/
617,617 90727 164 TORs for SMART Project Revised,Consultancy,,http://wwf.org.pk/eoffice/consultancy/consultupload/617-90443-164-617-90727-164-TORs for SMART Project Revised.pdf,https://forms.office.com/e/sxNStCNxPM,https://wwf.org.pk/consultancy/
616,616 95792 163 TORs GIS Maps 2025,GIS/Mapping,,http://wwf.org.pk/eoffice/consultancy/consultupload/616-29410-163-616-95792-163-TORs-GIS Maps 2025 (1).pdf,https://forms.office.com/e/sxNStCNxPM,https://wwf.org.pk/consultancy/
615,"ToRs Identification, Mapping and Profiling of Potential Groundwater Recharge Zones in Different Areas of Karachi",GIS/Mapping,Karachi,"http://wwf.org.pk/eoffice/consultancy/consultupload/615-25848-162-ToRs-Identification, Mapping and Profiling of Potential Groundwater Recharge Zones in Different Areas of Karachi.pdf",https://forms.office.com/e/sxNStCNxPM,https://wwf.org.pk/consultancy/
614,TORs GIS Maps and Capacity Building 2025,GIS/Mapping,,http://wwf.org.pk/eoffice/consultancy/consultupload/614-4539-161-TORs-GIS Maps and Capacity Building 2025 (1).pdf,https://forms.office.com/e/sxNStCNxPM,https://wwf.org.pk/consultancy/
613,ToRs Hydrogeological Assessment of S.I.T.E & Korangi Industrial Area Karachi,Assessment/Study,Karachi,http://wwf.org.pk/eoffice/consultancy/consultupload/613-73456-160-ToRs Hydrogeological Assessment of S.I.T.E & Korangi Industrial Area Karachi.pdf,https://forms.office.com/e/sxNStCNxPM,https://wwf.org.pk/consultancy/
612,"TORs Training report writing, data mangement and KNowledge management )",Training,,"http://wwf.org.pk/eoffice/consultancy/consultupload/612-24696-159-TORs- Training report writing, data mangement and KNowledge management ) (2).pdf",https://forms.office.com/e/sxNStCNxPM,https://wwf.org.pk/consultancy/
611,RFP for training on Nature based solutions,Training,,http://wwf.org.pk/eoffice/consultancy/consultupload/611-25151-158-RFP for training on Nature based solutions (1).pdf,https://forms.office.com/e/sxNStCNxPM,https://wwf.org.pk/consultancy/
610,TORs for training on Value chain (4),Training,,http://wwf.org.pk/eoffice/consultancy/consultupload/610-65729-157-TORs- for training on Value chain (4) (1).pdf,https://forms.office.com/e/sxNStCNxPM,https://wwf.org.pk/consultancy/
609,TORs SMARt Training and Manual IWT INL,Training,,http://wwf.org.pk/eoffice/consultancy/consultupload/609-89996-155-TORs-SMARt Training and Manual-IWT-INL.pdf,https://forms.office.com/e/sxNStCNxPM,https://wwf.org.pk/consultancy/
608,TORs Train project communities on grafting WRAP,Consultancy,,http://wwf.org.pk/eoffice/consultancy/consultupload/608-52904-154-TORs-Train project communities on grafting-WRAP.pdf,https://forms.office.com/e/sxNStCNxPM,https://wwf.org.pk/consultancy/
606,ToRs for Social Mobilization,Consultancy,,http://wwf.org.pk/eoffice/consultancy/consultupload/606-48903-152-ToRs for Social Mobilization.pdf,https://forms.office.com/e/sxNStCNxPM,https://wwf.org.pk/consultancy/
605,TOR External Audit IKEA+RPLC (2) c,Audit,,http://wwf.org.pk/eoffice/consultancy/consultupload/605-24127-150-TOR-External Audit IKEA+RPLC (2)_c.pdf,https://forms.office.com/e/sxNStCNxPM,https://wwf.org.pk/consultancy/
604,TORs Hydrologist Chitral KP 2025,GIS/Mapping,Chitral,http://wwf.org.pk/eoffice/consultancy/consultupload/604-46384-149-TORs-Hydrologist-Chitral-KP-2025.pdf,https://forms.office.com/e/sxNStCNxPM,https://wwf.org.pk/consultancy/
603,TORs Mammologist Chitral KP 2025,GIS/Mapping,Chitral,http://wwf.org.pk/eoffice/consultancy/consultupload/603-57324-148-TORs--Mammologist-Chitral-KP-2025.pdf,https://forms.office.com/e/sxNStCNxPM,https://wwf.org.pk/consultancy/
602,TORs Herpetologist Chitral KP 2025,GIS/Mapping,Chitral,http://wwf.org.pk/eoffice/consultancy/consultupload/602-32644-147-TORs-Herpetologist-Chitral-KP-2025.pdf,https://forms.office.com/e/sxNStCNxPM,https://wwf.org.pk/consultancy/
601,TORs Botanist Chitral KP 2025,Consultancy,Chitral,http://wwf.org.pk/eoffice/consultancy/consultupload/601-69712-146-TORs--Botanist-Chitral-KP-2025.pdf,https://forms.office.com/e/sxNStCNxPM,https://wwf.org.pk/consultancy/
600,TORs Aquatic Ecologist Chitral KP 2025,GIS/Mapping,Chitral,http://wwf.org.pk/eoffice/consultancy/consultupload/600-23668-145-TORs--Aquatic Ecologist-Chitral-KP-2025 (1).pdf,https://forms.office.com/e/sxNStCNxPM,https://wwf.org.pk/consultancy/
599,RFP for Assessing the carbon sequestration of peatlands in the selectied sites fo GB & Chitral (1),General,Chitral,http://wwf.org.pk/eoffice/consultancy/consultupload/599-64103-144-RFP for Assessing the carbon sequestration of peatlands in the selectied sites fo GB & Chitral  (1) (1).pdf,https://forms.office.com/e/sxNStCNxPM,https://wwf.org.pk/consultancy/
597,TORs for Eco Tourism Management Plan,Consultancy,,http://wwf.org.pk/eoffice/consultancy/consultupload/597-28564-142-TORs for Eco Tourism Management Plan (1).pdf,https://forms.office.com/e/sxNStCNxPM,https://wwf.org.pk/consultancy/
596,TORs Translator,Consultancy,,http://wwf.org.pk/eoffice/consultancy/consultupload/596-11299-TORs-Translator (1).pdf,https://forms.office.com/e/sxNStCNxPM,https://wwf.org.pk/consultancy/
595,TOR Develop NbS Training Module and Conduct Trainings. (1) (1),Training,,http://wwf.org.pk/eoffice/consultancy/consultupload/595-24948-TOR-Develop NbS Training Module and Conduct Trainings. (1) (1) (1).pdf,https://forms.office.com/e/sxNStCNxPM,https://wwf.org.pk/consultancy/
594,ABNJ LLG Conversion ToRs,Consultancy,,http://wwf.org.pk/eoffice/consultancy/consultupload/594-66341-ABNJ_LLG Conversion ToRs (1).pdf,https://forms.office.com/e/sxNStCNxPM,https://wwf.org.pk/consultancy/
593,TORs for Consultancy IWRM and Flood Drought Plan of Khushab Punjab,Consultancy,Punjab,http://wwf.org.pk/eoffice/consultancy/consultupload/593-95452-TORs for Consultancy IWRM and Flood-Drought Plan of Khushab Punjab (2).pdf,https://forms.office.com/e/sxNStCNxPM,https://wwf.org.pk/consultancy/
592,1.RFP TORs Aquatic Ecologist Palas 25,GIS/Mapping,,http://wwf.org.pk/eoffice/consultancy/consultupload/592-17688-1.RFP_TORs-Aquatic Ecologist-Palas-25.pdf,https://forms.office.com/e/sxNStCNxPM,https://wwf.org.pk/consultancy/
591,2.RFP TORs Herpetologist Palas 25,GIS/Mapping,,http://wwf.org.pk/eoffice/consultancy/consultupload/591-77359-2.RFP_TORs-Herpetologist-Palas-25.pdf,https://forms.office.com/e/sxNStCNxPM,https://wwf.org.pk/consultancy/
590,TORS APWASI,Consultancy,,http://wwf.org.pk/eoffice/consultancy/consultupload/590-20133-TORS-APWASI.pdf,https://forms.office.com/e/sxNStCNxPM,https://wwf.org.pk/consultancy/
589,ToRs Consultancy for Education for Sustainable Development (ESD) Teacher Training on Water Conservation Behaviors,Training,,http://wwf.org.pk/eoffice/consultancy/consultupload/589-95803-ToRs_Consultancy for Education for Sustainable Development (ESD) Teacher Training on Water Conservation Behaviors.pdf,https://forms.office.com/e/sxNStCNxPM,https://wwf.org.pk/consultancy/
588,RFP Consultancy for Gender Responsive Livlihood activities,Consultancy,,http://wwf.org.pk/eoffice/consultancy/consultupload/588-67070-RFP-Consultancy for Gender- Responsive Livlihood activities (1).pdf,https://forms.office.com/e/sxNStCNxPM,https://wwf.org.pk/consultancy/
587,TORs TY 2019,Consultancy,,http://wwf.org.pk/eoffice/consultancy/consultupload/587-84679-TORs TY-2019 (1).pdf,https://forms.office.com/e/sxNStCNxPM,https://wwf.org.pk/consultancy/
586,TORs Indicators Baseline 300625,Consultancy,,http://wwf.org.pk/eoffice/consultancy/consultupload/586-15942-TORs_Indicators_Baseline_300625_compressed.pdf,https://forms.office.com/e/sxNStCNxPM,https://wwf.org.pk/consultancy/
585,TORs Audit=WRAP,Audit,,http://wwf.org.pk/eoffice/consultancy/consultupload/585-34118-TORs-Audit=WRAP.pdf,https://forms.office.com/e/sxNStCNxPM,https://wwf.org.pk/consultancy/
584,RFP 584Consultancy for CSA Training,Training,,http://wwf.org.pk/eoffice/consultancy/consultupload/584-42303-RFP-584Consultancy for CSA Training.pdf,https://forms.office.com/e/sxNStCNxPM,https://wwf.org.pk/consultancy/
583,ABNJ Longline Terms of Reference,General,,http://wwf.org.pk/eoffice/consultancy/consultupload/583-66277-ABNJ_Longline_Terms_of_Reference-compressed.pdf,https://forms.office.com/e/sxNStCNxPM,https://wwf.org.pk/consultancy/
582,RFP Tribal Elder Consultations and Awareness Sessions,General,,http://wwf.org.pk/eoffice/consultancy/consultupload/582-72697-RFP - Tribal Elder Consultations and Awareness Sessions (1).pdf,https://forms.office.com/e/sxNStCNxPM,https://wwf.org.pk/consultancy/
581,RFP Training Workshops (Sub Activity 2.3.1.2),Training,,http://wwf.org.pk/eoffice/consultancy/consultupload/581-74411-RFP - Training Workshops (Sub - Activity 2.3.1.2).pdf,https://forms.office.com/e/sxNStCNxPM,https://wwf.org.pk/consultancy/
579,RP Long form Videos TORs,Consultancy,,http://wwf.org.pk/eoffice/consultancy/consultupload/579-46180-RP Long-form Videos - TORs.pdf,https://forms.office.com/e/sxNStCNxPM,https://wwf.org.pk/consultancy/
578,TOR EU Consultant,Consultancy,,http://wwf.org.pk/eoffice/consultancy/consultupload/578-15558-TOR EU Consultant.pdf,https://forms.office.com/e/sxNStCNxPM,https://wwf.org.pk/consultancy/
577,ToRs ESSF Evaluation World Bank (1),Consultancy,,http://wwf.org.pk/eoffice/consultancy/consultupload/577-39155-ToRs ESSF Evaluation_World Bank (1) (1).pdf,https://forms.office.com/e/sxNStCNxPM,https://wwf.org.pk/consultancy/
576,RFP WWF Inditex Consultancy,Consultancy,,http://wwf.org.pk/eoffice/consultancy/consultupload/576-27114-RFP - WWF Inditex Consultancy.pdf,https://forms.office.com/e/sxNStCNxPM,https://wwf.org.pk/consultancy/
575,TORS IUCN Second consultancy,Consultancy,,http://wwf.org.pk/eoffice/consultancy/consultupload/575-80033-TORS-IUCN-Second consultancy.pdf,https://forms.office.com/e/sxNStCNxPM,https://wwf.org.pk/consultancy/
572,TOR Development of Communication Products for the Sustainable Infrastructure ACAI PD,Consultancy,,http://wwf.org.pk/eoffice/consultancy/consultupload/572-96946-TOR-Development of Communication Products for the Sustainable Infrastructure ACAI_PD.pdf,https://forms.office.com/e/sxNStCNxPM,https://wwf.org.pk/consultancy/
571,RFP of Third Party Evaluation,General,,http://wwf.org.pk/eoffice/consultancy/consultupload/571-36964-RFP_of_Third Party Evaluation.pdf,https://forms.office.com/e/sxNStCNxPM,https://wwf.org.pk/consultancy/
570,RFP Wildlfie Laws Gap Analysis and Cirriculum Development Ver2 (1),General,,http://wwf.org.pk/eoffice/consultancy/consultupload/570-4973-RFP Wildlfie Laws Gap Analysis and Cirriculum Development Ver2 (1) (1).pdf,https://forms.office.com/e/sxNStCNxPM,https://wwf.org.pk/consultancy/
569,PRF Develop a short documentary regarding Illegal Wildlife Trade in Pakistan to create awareness (1) (2),General,,http://wwf.org.pk/eoffice/consultancy/consultupload/569-45868-PRF Develop a short documentary regarding Illegal Wildlife Trade in Pakistan to create awareness (1) (2) (1).pdf,https://forms.office.com/e/sxNStCNxPM,https://wwf.org.pk/consultancy/
568,RFP for Consultancy Services Lahore Study,Assessment/Study,Lahore,http://wwf.org.pk/eoffice/consultancy/consultupload/568-43040-RFP for Consultancy Services-Lahore Study.pdf,https://forms.office.com/e/sxNStCNxPM,https://wwf.org.pk/consultancy/
567,ToRs Annual Financial Audit BMZII 2024 2025 25Apr,Audit,,http://wwf.org.pk/eoffice/consultancy/consultupload/567-37785-ToRs_Annual Financial Audit BMZII 2024 - 2025_25Apr (1).pdf,https://forms.office.com/e/sxNStCNxPM,https://wwf.org.pk/consultancy/
566,TOR VFM Hosting for web,Consultancy,,http://wwf.org.pk/eoffice/consultancy/consultupload/566-2966-TOR VFM Hosting for web (1).pdf,https://forms.office.com/e/sxNStCNxPM,https://wwf.org.pk/consultancy/
565,TOR livestock management (2) (1),Consultancy,,http://wwf.org.pk/eoffice/consultancy/consultupload/565-77607-TOR-livestock management (2) (1) (1).pdf,https://forms.office.com/e/sxNStCNxPM,https://wwf.org.pk/consultancy/
564,TORs consultancy,Consultancy,,http://wwf.org.pk/eoffice/consultancy/consultupload/564-26032-TORs-consultancy.pdf,https://forms.office.com/e/sxNStCNxPM,https://wwf.org.pk/consultancy/
563,RFP ToRs Consultancy for Reviewing & Drafting Data Protection Policy,Consultancy,,http://wwf.org.pk/eoffice/consultancy/consultupload/563-76579-RFP_ ToRs_Consultancy for Reviewing & Drafting Data Protection Policy .pdf,https://forms.office.com/e/sxNStCNxPM,https://wwf.org.pk/consultancy/
562,Draft TORs for Performance anlaysis Year 4,Consultancy,,http://wwf.org.pk/eoffice/consultancy/consultupload/562-6404-Draft TORs for Performance anlaysis Year-4.pdf,https://forms.office.com/e/sxNStCNxPM,https://wwf.org.pk/consultancy/
561,1. RFP TORs Video Graphy 2024 (1),Consultancy,,http://wwf.org.pk/eoffice/consultancy/consultupload/561-67501-1. RFP-TORs-Video Graphy 2024 (1) (2).pdf,https://forms.office.com/e/sxNStCNxPM,https://wwf.org.pk/consultancy/
560,1. RFP TORs Impact Analyst 2025 (2),Consultancy,,http://wwf.org.pk/eoffice/consultancy/consultupload/560-75460-1. RFP-TORs-Impact Analyst-2025 (2) (1).pdf,https://forms.office.com/e/sxNStCNxPM,https://wwf.org.pk/consultancy/
559,ToRs GSK Communications Consultancy (1),Consultancy,,http://wwf.org.pk/eoffice/consultancy/consultupload/559-19059-ToRs_ GSK Communications Consultancy (1) (1).pdf,https://forms.office.com/e/sxNStCNxPM,https://wwf.org.pk/consultancy/
558,TOrs of dacoumentry,Consultancy,,http://wwf.org.pk/eoffice/consultancy/consultupload/558-47787-TOrs of dacoumentry.pdf,https://forms.office.com/e/sxNStCNxPM,https://wwf.org.pk/consultancy/
557,TORs Stakeholder mapping and CWP communication strategy f,GIS/Mapping,,http://wwf.org.pk/eoffice/consultancy/consultupload/557-84312-TORs Stakeholder mapping and CWP communication strategy f.pdf,https://forms.office.com/e/sxNStCNxPM,https://wwf.org.pk/consultancy/
556,TOR Template Harmful Subsidies Technical Expert,Consultancy,,http://wwf.org.pk/eoffice/consultancy/consultupload/556-81038-TOR Template - Harmful Subsidies Technical Expert_Final.pdf,https://forms.office.com/e/sxNStCNxPM,https://wwf.org.pk/consultancy/
555,Recharge Pakistan Audit Engagement TOR Draft from AE,Audit,,http://wwf.org.pk/eoffice/consultancy/consultupload/555-69398-Recharge Pakistan Audit Engagement TOR - Draft from AE_compressed.pdf,https://forms.office.com/e/sxNStCNxPM,https://wwf.org.pk/consultancy/
554,ToRs Evaluation of Mangroves Afforestation vF,Consultancy,,http://wwf.org.pk/eoffice/consultancy/consultupload/554-34197-ToRs Evaluation of Mangroves Afforestation vF.pdf,https://forms.office.com/e/sxNStCNxPM,https://wwf.org.pk/consultancy/
553,ToRs External Final Evaluation BMZ,Consultancy,,http://wwf.org.pk/eoffice/consultancy/consultupload/553-42826-ToRs External Final Evaluation BMZ-.pdf,https://forms.office.com/e/sxNStCNxPM,https://wwf.org.pk/consultancy/
552,Consultancy For NIKE South Punjab (1),Consultancy,Punjab,http://wwf.org.pk/eoffice/consultancy/consultupload/552-6201-Consultancy For NIKE- South Punjab (1) (2).pdf,https://forms.office.com/e/sxNStCNxPM,https://wwf.org.pk/consultancy/
551,Consultancy For NIKE Lahore Region (1),Consultancy,Lahore,http://wwf.org.pk/eoffice/consultancy/consultupload/551-55965-Consultancy For NIKE- Lahore Region (1) (2).pdf,https://forms.office.com/e/sxNStCNxPM,https://wwf.org.pk/consultancy/
550,RP Hydrology and Flood Modelling Consutancy ToRs,Consultancy,,http://wwf.org.pk/eoffice/consultancy/consultupload/550-50754-RP-Hydrology and Flood Modelling Consutancy ToRs (1).pdf,https://forms.office.com/e/sxNStCNxPM,https://wwf.org.pk/consultancy/
549,RFP WWF Toastmasters Club,General,,http://wwf.org.pk/eoffice/consultancy/consultupload/549-6009-RFP - WWF Toastmasters Club.pdf,https://forms.office.com/e/sxNStCNxPM,https://wwf.org.pk/consultancy/
548,TOR Poultry rearing,Consultancy,,http://wwf.org.pk/eoffice/consultancy/consultupload/548-78632-TOR- Poultry rearing .pdf,https://forms.office.com/e/sxNStCNxPM,https://wwf.org.pk/consultancy/
547,"04 Training of Farmers on Best Management Practices of Soon Valley, Khushab Punjab",Training,Punjab,"http://wwf.org.pk/eoffice/consultancy/consultupload/547-49525-04 - Training of Farmers on Best Management Practices of Soon Valley, Khushab Punjab (1).pdf",https://forms.office.com/e/sxNStCNxPM,https://wwf.org.pk/consultancy/
546,2.TOR Format,Consultancy,,http://wwf.org.pk/eoffice/consultancy/consultupload/546-84364-2.TOR-Format (1).pdf,https://forms.office.com/e/sxNStCNxPM,https://wwf.org.pk/consultancy/
545,TORS 3rd study of WWF pakistan ( liveli hood improvement),Assessment/Study,,http://wwf.org.pk/eoffice/consultancy/consultupload/545-17334-TORS-3rd study of WWF-pakistan ( liveli hood improvement).pdf,https://forms.office.com/e/sxNStCNxPM,https://wwf.org.pk/consultancy/
543,ToRs DRR designing Inforgraphics Feb,Consultancy,,http://wwf.org.pk/eoffice/consultancy/consultupload/543-37548-ToRs_DRR_designing_Inforgraphics-_Feb- final (1).pdf,https://forms.office.com/e/sxNStCNxPM,https://wwf.org.pk/consultancy/
542,TORS Baseline survey IUCN,Consultancy,,http://wwf.org.pk/eoffice/consultancy/consultupload/542-36490-TORS-Baseline survey-IUCN (1).pdf,https://forms.office.com/e/sxNStCNxPM,https://wwf.org.pk/consultancy/
541,TORs APWASI Training for PWDs Parents,Training,,http://wwf.org.pk/eoffice/consultancy/consultupload/541-22748-TORs - APWASI - Training for PWDs Parents (1).pdf,https://forms.office.com/e/sxNStCNxPM,https://wwf.org.pk/consultancy/
540,TOR Template CVP [Communications and Media Engagement],Consultancy,,http://wwf.org.pk/eoffice/consultancy/consultupload/540-79080-TOR Template - CVP [Communications and Media Engagement] (1).pdf,https://forms.office.com/e/sxNStCNxPM,https://wwf.org.pk/consultancy/
539,TOR Template CVP [Session on Just Transition],Consultancy,,http://wwf.org.pk/eoffice/consultancy/consultupload/539-75272-TOR Template - CVP [Session on Just Transition] (1).pdf,https://forms.office.com/e/sxNStCNxPM,https://wwf.org.pk/consultancy/
538,TOR Template CVP [Session on Climate Change Mitigation],Consultancy,,http://wwf.org.pk/eoffice/consultancy/consultupload/538-24913-TOR Template - CVP [Session on Climate Change Mitigation] (1).pdf,https://forms.office.com/e/sxNStCNxPM,https://wwf.org.pk/consultancy/
537,TOR Template CVP [Session on Climate Finance],Consultancy,,http://wwf.org.pk/eoffice/consultancy/consultupload/537-45752-TOR Template - CVP [Session on Climate Finance] (1).pdf,https://forms.office.com/e/sxNStCNxPM,https://wwf.org.pk/consultancy/
536,TOR Template CVP [Session on Climate Change Adaptation and Resilience],Consultancy,,http://wwf.org.pk/eoffice/consultancy/consultupload/536-96503-TOR Template - CVP [Session on Climate Change Adaptation and Resilience] (1).pdf,https://forms.office.com/e/sxNStCNxPM,https://wwf.org.pk/consultancy/
535,APWASIinfographic,General,,http://wwf.org.pk/eoffice/consultancy/consultupload/535-APWASIinfographic.pdf,https://forms.office.com/e/sxNStCNxPM,https://wwf.org.pk/consultancy/
534,Final Terms of Refrence (ToRs) of capacity budilding training against snake and insect bite,Training,,http://wwf.org.pk/eoffice/consultancy/consultupload/534-25375-Final Terms of Refrence (ToRs) of capacity budilding training against snake and insect bite (1).pdf,https://forms.office.com/e/sxNStCNxPM,https://wwf.org.pk/consultancy/
533,TOR Template CVP [Session on International Climate Law and Policy],Consultancy,,http://wwf.org.pk/eoffice/consultancy/consultupload/533-78613-TOR Template - CVP [Session on International Climate Law and Policy].pdf,https://forms.office.com/e/sxNStCNxPM,https://wwf.org.pk/consultancy/
532,TOR Template CVP [Session on Climate Global Stocktake],Consultancy,,http://wwf.org.pk/eoffice/consultancy/consultupload/532-40216-TOR Template - CVP [Session on Climate Global Stocktake].pdf,https://forms.office.com/e/sxNStCNxPM,https://wwf.org.pk/consultancy/
531,TOR Template CVP [Session on Climate Data and Science],Consultancy,,http://wwf.org.pk/eoffice/consultancy/consultupload/531-24949-TOR Template - CVP [Session on Climate Data and Science].pdf,https://forms.office.com/e/sxNStCNxPM,https://wwf.org.pk/consultancy/
529,TORs APWASI Training for PWDs Parents,Training,,http://wwf.org.pk/eoffice/consultancy/consultupload/529-47042-TORs - APWASI - Training for PWDs Parents (1).pdf,https://forms.office.com/e/sxNStCNxPM,https://wwf.org.pk/consultancy/
528,2.ToR Updated RFP DFCD Consultancy Services 13012025,Consultancy,,http://wwf.org.pk/eoffice/consultancy/consultupload/528-40076-2.ToR Updated_RFP_DFCD_Consultancy Services 13012025 (2).pdf,https://forms.office.com/e/sxNStCNxPM,https://wwf.org.pk/consultancy/
527,RFP Wildlfie Laws Gap Analysis and Cirriculum Development Ver2,General,,http://wwf.org.pk/eoffice/consultancy/consultupload/527-2750-RFP Wildlfie Laws Gap Analysis and Cirriculum Development Ver2.pdf,https://forms.office.com/e/sxNStCNxPM,https://wwf.org.pk/consultancy/
526,RFP for Climate change modelling in Bagrote,General,,http://wwf.org.pk/eoffice/consultancy/consultupload/526-27930-RFP for Climate change modelling in Bagrote.pdf,https://forms.office.com/e/sxNStCNxPM,https://wwf.org.pk/consultancy/
525,TORs ESS Training (1),Training,,http://wwf.org.pk/eoffice/consultancy/consultupload/525-84859-TORs-ESS Training (1) (1).pdf,https://forms.office.com/e/sxNStCNxPM,https://wwf.org.pk/consultancy/
524,TORs for Water Reserviors (1),Consultancy,,http://wwf.org.pk/eoffice/consultancy/consultupload/524-74002-TORs for Water Reserviors (1) (1).pdf,https://forms.office.com/e/sxNStCNxPM,https://wwf.org.pk/consultancy/
523,TOR Olive Grafting (1),Consultancy,,http://wwf.org.pk/eoffice/consultancy/consultupload/523-45774-TOR-Olive Grafting (1) (1).pdf,https://forms.office.com/e/sxNStCNxPM,https://wwf.org.pk/consultancy/
522,TORs Stakeholder mapping and CWP communication strategy r,GIS/Mapping,,http://wwf.org.pk/eoffice/consultancy/consultupload/522-64493-TORs Stakeholder mapping and CWP communication strategy r.pdf,https://forms.office.com/e/sxNStCNxPM,https://wwf.org.pk/consultancy/
520,TORs for Exit Strategy,Consultancy,,http://wwf.org.pk/eoffice/consultancy/consultupload/520-14606-TORs for Exit Strategy.pdf,https://forms.office.com/e/sxNStCNxPM,https://wwf.org.pk/consultancy/
519,"ToRs Knowledge products, editing of the Reports DRR Project",Consultancy,,"http://wwf.org.pk/eoffice/consultancy/consultupload/519-78172-ToRs- Knowledge products, editing of the Reports -DRR Project (1).pdf",https://forms.office.com/e/sxNStCNxPM,https://wwf.org.pk/consultancy/
518,Enhancing Water Productivity,General,,http://wwf.org.pk/eoffice/consultancy/consultupload/518-91044-Enhancing Water Productivity.pdf,https://forms.office.com/e/sxNStCNxPM,https://wwf.org.pk/consultancy/
517,TORs for Third Party Technical Evaluation of Nike and Pepsi Project (2) (1),Consultancy,,http://wwf.org.pk/eoffice/consultancy/consultupload/517-42698-TORs for Third Party Technical Evaluation of Nike and Pepsi Project (2) (1) (1).pdf,https://forms.office.com/e/sxNStCNxPM,https://wwf.org.pk/consultancy/
516,TORs APWASI Documentary,Consultancy,,http://wwf.org.pk/eoffice/consultancy/consultupload/516-66167-TORs-APWASI-Documentary (1).pdf,https://forms.office.com/e/sxNStCNxPM,https://wwf.org.pk/consultancy/
515,RFP for training on Value chain,Training,,http://wwf.org.pk/eoffice/consultancy/consultupload/515-46456-RFP for training on Value chain.pdf,https://forms.office.com/e/sxNStCNxPM,https://wwf.org.pk/consultancy/
514,RFP of Hydrogeological Assessment,Assessment/Study,,http://wwf.org.pk/eoffice/consultancy/consultupload/514-90864-RFP of Hydrogeological Assessment.pdf,https://forms.office.com/e/sxNStCNxPM,https://wwf.org.pk/consultancy/
513,IREGTVI Design Consultancy TORs,Consultancy,,http://wwf.org.pk/eoffice/consultancy/consultupload/513-90496-IREGTVI Design Consultancy TORs (1).pdf,https://forms.office.com/e/sxNStCNxPM,https://wwf.org.pk/consultancy/
512,ToRs for Consultancy of Interactive theatre,Consultancy,,http://wwf.org.pk/eoffice/consultancy/consultupload/512-57744-ToRs for Consultancy of Interactive theatre (1).pdf,https://forms.office.com/e/sxNStCNxPM,https://wwf.org.pk/consultancy/
510,TOR External Audit,Audit,,http://wwf.org.pk/eoffice/consultancy/consultupload/510-93994-TOR-External Audit (2).pdf,https://forms.office.com/e/sxNStCNxPM,https://wwf.org.pk/consultancy/
509,TOR External Audi,Consultancy,,http://wwf.org.pk/eoffice/consultancy/consultupload/509-41795-TOR-External Audi (2).pdf,https://forms.office.com/e/sxNStCNxPM,https://wwf.org.pk/consultancy/
508,TOR Development of Annual Report (2024 2025) WRAP,Consultancy,,http://wwf.org.pk/eoffice/consultancy/consultupload/508-55518-TOR-Development of Annual Report (2024-2025)-WRAP (1).pdf,https://forms.office.com/e/sxNStCNxPM,https://wwf.org.pk/consultancy/
507,RFP Agrobiodiversity 2024,General,,http://wwf.org.pk/eoffice/consultancy/consultupload/507-74070-RFP-Agrobiodiversity-2024.pdf,https://forms.office.com/e/sxNStCNxPM,https://wwf.org.pk/consultancy/
506,TORs TY 2018,Consultancy,,http://wwf.org.pk/eoffice/consultancy/consultupload/506-68961-39-TORs TY-2018.pdf,https://forms.office.com/e/sxNStCNxPM,https://wwf.org.pk/consultancy/
505,TORs TY 2016,Consultancy,,http://wwf.org.pk/eoffice/consultancy/consultupload/505-68200-TORs TY-2016.pdf,https://forms.office.com/e/sxNStCNxPM,https://wwf.org.pk/consultancy/
504,RFP Capacity building of field staff on alternative methods beyond synthetic fertilizers and 4R,General,,http://wwf.org.pk/eoffice/consultancy/consultupload/504-5922-RFP-Capacity building of field staff on alternative methods  beyond synthetic fertilizers and 4R.pdf,https://forms.office.com/e/sxNStCNxPM,https://wwf.org.pk/consultancy/
503,TORS Audit OCP,Audit,,http://wwf.org.pk/eoffice/consultancy/consultupload/503-36690-TORS-Audit-OCP.pdf,https://forms.office.com/e/sxNStCNxPM,https://wwf.org.pk/consultancy/
502,TOR + RFP External Audit IDH,Audit,,http://wwf.org.pk/eoffice/consultancy/consultupload/502-17847-TOR + RFP-External Audit IDH.pdf,https://forms.office.com/e/sxNStCNxPM,https://wwf.org.pk/consultancy/
501,Development of District Level Climate Adaptation Plan of Khushab Punjab,General,Punjab,http://wwf.org.pk/eoffice/consultancy/consultupload/501-8359-Development of District Level Climate Adaptation Plan of Khushab Punjab (1).pdf,https://forms.office.com/e/sxNStCNxPM,https://wwf.org.pk/consultancy/
500,Capacity Building of Stakeholders on Nature Based Solution Interventions at Khushab Punjab,General,Punjab,http://wwf.org.pk/eoffice/consultancy/consultupload/500-32119-Capacity Building of Stakeholders on Nature Based Solution Interventions at Khushab Punjab.pdf,https://forms.office.com/e/sxNStCNxPM,https://wwf.org.pk/consultancy/
499,"Socio Economic Assessment Plan of Soon Valley, Khushab Punjab",Assessment/Study,Punjab,"http://wwf.org.pk/eoffice/consultancy/consultupload/499-88912-Socio-Economic Assessment Plan of Soon Valley, Khushab Punjab (1).pdf",https://forms.office.com/e/sxNStCNxPM,https://wwf.org.pk/consultancy/
496,TOR Exploring Taunsa Community Stewardship,Consultancy,,http://wwf.org.pk/eoffice/consultancy/consultupload/496-68779-TOR Exploring Taunsa-Community Stewardship final.pdf,https://forms.office.com/e/sxNStCNxPM,https://wwf.org.pk/consultancy/
495,GraphicDesignerConsultancy,Consultancy,,http://wwf.org.pk/eoffice/consultancy/consultupload/495-91440-GraphicDesignerConsultancy.pdf,https://forms.office.com/e/sxNStCNxPM,https://wwf.org.pk/consultancy/
494,RFP of Catchment & Stakeholder Mapping,GIS/Mapping,,http://wwf.org.pk/eoffice/consultancy/consultupload/494-68111-RFP of Catchment & Stakeholder Mapping.pdf,https://forms.office.com/e/sxNStCNxPM,https://wwf.org.pk/consultancy/
493,RFP Hiring a consultant for implementing Trainings,Training,,http://wwf.org.pk/eoffice/consultancy/consultupload/493-87836-RFP - Hiring a consultant for implementing Trainings (1).pdf,https://forms.office.com/e/sxNStCNxPM,https://wwf.org.pk/consultancy/
492,TOR Citrus Training,Training,,http://wwf.org.pk/eoffice/consultancy/consultupload/492-38704-TOR-Citrus Training (1).pdf,https://forms.office.com/e/sxNStCNxPM,https://wwf.org.pk/consultancy/
491,RFP of Hydrological Study for AWS RYK Project Reviewed,Assessment/Study,RYK,http://wwf.org.pk/eoffice/consultancy/consultupload/491-14536-RFP of Hydrological Study for AWS RYK Project - Reviewed (1).pdf,https://forms.office.com/e/sxNStCNxPM,https://wwf.org.pk/consultancy/
489,USAID Consultancy TORs,Consultancy,,http://wwf.org.pk/eoffice/consultancy/consultupload/489-95428-USAID Consultancy TORs (1).pdf,https://forms.office.com/e/sxNStCNxPM,https://wwf.org.pk/consultancy/
488,TOR Technical Writer for Sustainable Infrastructure PD,Consultancy,,http://wwf.org.pk/eoffice/consultancy/consultupload/488-62828-TOR-Technical Writer for Sustainable Infrastructure_PD.pdf,https://forms.office.com/e/sxNStCNxPM,https://wwf.org.pk/consultancy/
487,TOR Climate Change Adaptation Plans GB 02.10.2024,Consultancy,GB,http://wwf.org.pk/eoffice/consultancy/consultupload/487-52027-TOR - Climate Change Adaptation Plans GB 02.10.2024 Final.pdf,https://forms.office.com/e/sxNStCNxPM,https://wwf.org.pk/consultancy/
486,TOR Service Staff Training A1 A2,Training,,http://wwf.org.pk/eoffice/consultancy/consultupload/486-50710-TOR- Service Staff Training - A1 - A2.pdf,https://forms.office.com/e/sxNStCNxPM,https://wwf.org.pk/consultancy/
485,Final Terms of Refrence (ToRs) of Training with Health deptt.,Training,,http://wwf.org.pk/eoffice/consultancy/consultupload/485-90892-Final Terms of Refrence (ToRs) of Training with Health deptt. (2).pdf,https://forms.office.com/e/sxNStCNxPM,https://wwf.org.pk/consultancy/
484,ToRs M&E Gender IWT Project,Consultancy,,http://wwf.org.pk/eoffice/consultancy/consultupload/484-83408-ToRs- M&E -Gender IWT Project (1).pdf,https://forms.office.com/e/sxNStCNxPM,https://wwf.org.pk/consultancy/
483,RFP TNC Audit,Audit,,http://wwf.org.pk/eoffice/consultancy/consultupload/483-87808-RFP-TNC Audit.pdf,https://forms.office.com/e/sxNStCNxPM,https://wwf.org.pk/consultancy/
482,RFP for training on Mushroom harvesting),Training,,http://wwf.org.pk/eoffice/consultancy/consultupload/482-19213-RFP for training on Mushroom harvesting) (1).pdf,https://forms.office.com/e/sxNStCNxPM,https://wwf.org.pk/consultancy/
481,RFP consultancy New Website,Consultancy,,http://wwf.org.pk/eoffice/consultancy/consultupload/481-96394-RFP-consultancy New Website.pdf,https://forms.office.com/e/sxNStCNxPM,https://wwf.org.pk/consultancy/
480,TOR Skill development (3) (1),Consultancy,,http://wwf.org.pk/eoffice/consultancy/consultupload/480-87510-TOR-Skill development (3) (1) (1).pdf,https://forms.office.com/e/sxNStCNxPM,https://wwf.org.pk/consultancy/
479,"TOR Baseline study of floral diversity, ethanobotanical and traditional use of vulnerable species (1)",Assessment/Study,,"http://wwf.org.pk/eoffice/consultancy/consultupload/479-28283-TOR-Baseline study of floral diversity, ethanobotanical and traditional use of vulnerable species (1) (1).pdf",https://forms.office.com/e/sxNStCNxPM,https://wwf.org.pk/consultancy/
478,Development of district level climate adaptation plan,General,,http://wwf.org.pk/eoffice/consultancy/consultupload/478-23111-Development of district level climate adaptation plan (2).pdf,https://forms.office.com/e/sxNStCNxPM,https://wwf.org.pk/consultancy/
477,ToRs RFP Mammologist Palas valley 2024,GIS/Mapping,,http://wwf.org.pk/eoffice/consultancy/consultupload/477-80149-ToRs_RFP-Mammologist-Palas valley-2024 (1).pdf,https://forms.office.com/e/sxNStCNxPM,https://wwf.org.pk/consultancy/
476,MLP Consultancy TORs,Consultancy,,http://wwf.org.pk/eoffice/consultancy/consultupload/476-25988-MLP Consultancy TORs (2).pdf,https://forms.office.com/e/sxNStCNxPM,https://wwf.org.pk/consultancy/
475,RFP Better livestock management,General,,http://wwf.org.pk/eoffice/consultancy/consultupload/475-17172-RFP-Better livestock management (1).pdf,https://forms.office.com/e/sxNStCNxPM,https://wwf.org.pk/consultancy/
474,TORs for PRB Photography and Documentary,Consultancy,,http://wwf.org.pk/eoffice/consultancy/consultupload/474-64884-TORs for PRB Photography and Documentary.pdf,https://forms.office.com/e/sxNStCNxPM,https://wwf.org.pk/consultancy/
472,ToRs AVC Documentary New Format,Consultancy,,http://wwf.org.pk/eoffice/consultancy/consultupload/472-34753-ToRs AVC Documentary New Format.pdf,https://forms.office.com/e/sxNStCNxPM,https://wwf.org.pk/consultancy/
471,RFP Revised,General,,http://wwf.org.pk/eoffice/consultancy/consultupload/471-99311-RFP_Revised.pdf,https://forms.office.com/e/sxNStCNxPM,https://wwf.org.pk/consultancy/
470,Technical Training for National Teams on Information Relevant to the Achievement of the UNFCCC including Information on Gender and Climate Chan,Training,,http://wwf.org.pk/eoffice/consultancy/consultupload/470-41501-Technical Training for National Teams on Information Relevant to the Achievement of the UNFCCC including Information on Gender and Climate Chan.pdf,https://forms.office.com/e/sxNStCNxPM,https://wwf.org.pk/consultancy/
469,Recording and Reporting AI Consultancy (RFP),Consultancy,,http://wwf.org.pk/eoffice/consultancy/consultupload/469-54758-Recording and Reporting AI - Consultancy (RFP).pdf,https://forms.office.com/e/sxNStCNxPM,https://wwf.org.pk/consultancy/
468,IPM Ladder Consultancy,Consultancy,,http://wwf.org.pk/eoffice/consultancy/consultupload/468-58771-IPM Ladder - Consultancy.pdf,https://forms.office.com/e/sxNStCNxPM,https://wwf.org.pk/consultancy/
467,HHP and Alternate Consultancy (RFP),Consultancy,,http://wwf.org.pk/eoffice/consultancy/consultupload/467-23534-HHP and Alternate - Consultancy (RFP).pdf,https://forms.office.com/e/sxNStCNxPM,https://wwf.org.pk/consultancy/
466,RFP Developing training manual for farmers and field staff regarding improving soil health,Training,,http://wwf.org.pk/eoffice/consultancy/consultupload/466-27302-RFP- Developing training manual for farmers and field staff regarding improving soil health (3).pdf,https://forms.office.com/e/sxNStCNxPM,https://wwf.org.pk/consultancy/
465,2. RFP TORs Laudes Foundation Women Activity 30072024 (2),Consultancy,,http://wwf.org.pk/eoffice/consultancy/consultupload/465-9920-2. RFP-TORs-Laudes Foundation Women Activity 30072024 (2) (1).pdf,https://forms.office.com/e/sxNStCNxPM,https://wwf.org.pk/consultancy/
464,Updated TOR Develop Capacity Building Plans,Consultancy,,http://wwf.org.pk/eoffice/consultancy/consultupload/464-88648-Updated TOR-Develop Capacity Building Plans.pdf,https://forms.office.com/e/sxNStCNxPM,https://wwf.org.pk/consultancy/
463,Updated TOR Exit and Sustainable Stratgy,Consultancy,,http://wwf.org.pk/eoffice/consultancy/consultupload/463-52659-Updated TOR-Exit and Sustainable Stratgy.pdf,https://forms.office.com/e/sxNStCNxPM,https://wwf.org.pk/consultancy/
462,ToRs Designing of Living Planet Report – Youth Edition and associated creative assets,Consultancy,,http://wwf.org.pk/eoffice/consultancy/consultupload/462-17241-ToRs_Designing of Living Planet Report – Youth Edition and associated creative assets (1).pdf,https://forms.office.com/e/sxNStCNxPM,https://wwf.org.pk/consultancy/
461,RFP Capacity building of field staff on alternative methods beyond synthetic fertilizers (2),General,,http://wwf.org.pk/eoffice/consultancy/consultupload/461-45964-RFP-Capacity building of field staff on alternative methods  beyond synthetic fertilizers (2) (1).pdf,https://forms.office.com/e/sxNStCNxPM,https://wwf.org.pk/consultancy/
460,RFP Consultancy for Collection of Success stories and lesson learnt (3),Consultancy,,http://wwf.org.pk/eoffice/consultancy/consultupload/460-86005-RFP-Consultancy for Collection of Success stories and lesson learnt (3) (1).pdf,https://forms.office.com/e/sxNStCNxPM,https://wwf.org.pk/consultancy/
459,RFP Developing training manual for farmers and field staff regarding improving soil health (2),Training,,http://wwf.org.pk/eoffice/consultancy/consultupload/459-12261-RFP- Developing training manual for farmers and field staff regarding improving soil health (2) (1).pdf,https://forms.office.com/e/sxNStCNxPM,https://wwf.org.pk/consultancy/
458,RFP Consultancy developing training manual on FPRW (1),Training,,http://wwf.org.pk/eoffice/consultancy/consultupload/458-95304-RFP-Consultancy- developing training manual on FPRW (1) (1).pdf,https://forms.office.com/e/sxNStCNxPM,https://wwf.org.pk/consultancy/
456,RFP Capacity building of field staff on application of 4R soil nutrients management (2),General,,http://wwf.org.pk/eoffice/consultancy/consultupload/456-31850-RFP-Capacity building of field staff on application of 4R  soil nutrients management (2) (1).pdf,https://forms.office.com/e/sxNStCNxPM,https://wwf.org.pk/consultancy/
455,RFP Capacity building of field staff on alternative methods beyond synthetic fertilizers (1),General,,http://wwf.org.pk/eoffice/consultancy/consultupload/455-7416-RFP-Capacity building of field staff on alternative methods  beyond synthetic fertilizers (1) (1).pdf,https://forms.office.com/e/sxNStCNxPM,https://wwf.org.pk/consultancy/
453,RFP Capacity building of field staff on application of 4R soil nutrients management (1),General,,http://wwf.org.pk/eoffice/consultancy/consultupload/453-23153-RFP-Capacity building of field staff on application of 4R  soil nutrients management (1) (1).pdf,https://forms.office.com/e/sxNStCNxPM,https://wwf.org.pk/consultancy/
452,RFP for training on Solar Drying Units (1),Training,,http://wwf.org.pk/eoffice/consultancy/consultupload/452-35491-RFP for training on Solar Drying Units (1) (1).pdf,https://forms.office.com/e/sxNStCNxPM,https://wwf.org.pk/consultancy/
451,RFP for training on Apricot processing,Training,,http://wwf.org.pk/eoffice/consultancy/consultupload/451-32815-RFP for training on Apricot processing.pdf,https://forms.office.com/e/sxNStCNxPM,https://wwf.org.pk/consultancy/
450,RFP Hydrologist & carbon Sink GB 2024,GIS/Mapping,GB,http://wwf.org.pk/eoffice/consultancy/consultupload/450-36963-RFP-Hydrologist & carbon Sink-GB-2024.pdf,https://forms.office.com/e/sxNStCNxPM,https://wwf.org.pk/consultancy/
449,RFP Aquatic Ecologist GB 2024,GIS/Mapping,GB,http://wwf.org.pk/eoffice/consultancy/consultupload/449-39934-RFP -Aquatic Ecologist-GB-2024.pdf,https://forms.office.com/e/sxNStCNxPM,https://wwf.org.pk/consultancy/
448,RFP Herpetologist GB 2024,GIS/Mapping,GB,http://wwf.org.pk/eoffice/consultancy/consultupload/448-64108-RFP -Herpetologist-GB-2024.pdf,https://forms.office.com/e/sxNStCNxPM,https://wwf.org.pk/consultancy/
447,RFP Botanist GB 2024,General,GB,http://wwf.org.pk/eoffice/consultancy/consultupload/447-85753-RFP-Botanist-GB-2024.pdf,https://forms.office.com/e/sxNStCNxPM,https://wwf.org.pk/consultancy/
446,RFP Mammologist GB 2024,GIS/Mapping,GB,http://wwf.org.pk/eoffice/consultancy/consultupload/446-50386-RFP-Mammologist-GB-2024.pdf,https://forms.office.com/e/sxNStCNxPM,https://wwf.org.pk/consultancy/
445,HSSE training ToR,Training,,http://wwf.org.pk/eoffice/consultancy/consultupload/445-28454-HSSE training ToR.pdf,https://forms.office.com/e/sxNStCNxPM,https://wwf.org.pk/consultancy/
444,Tetra Pak Report Design TORs,Consultancy,,http://wwf.org.pk/eoffice/consultancy/consultupload/444-97890-Tetra Pak Report Design TORs.pdf,https://forms.office.com/e/sxNStCNxPM,https://wwf.org.pk/consultancy/
443,TOR External Audit RPLC,Audit,,http://wwf.org.pk/eoffice/consultancy/consultupload/443-92449-TOR-External Audit RPLC.pdf,https://forms.office.com/e/sxNStCNxPM,https://wwf.org.pk/consultancy/
442,TORs RP video,Consultancy,,http://wwf.org.pk/eoffice/consultancy/consultupload/442-25970-TORs RP video (1).pdf,https://forms.office.com/e/sxNStCNxPM,https://wwf.org.pk/consultancy/
441,TOR Poultry rearing (1),Consultancy,,http://wwf.org.pk/eoffice/consultancy/consultupload/441-83850-TOR- Poultry rearing (1) (1).pdf,https://forms.office.com/e/sxNStCNxPM,https://wwf.org.pk/consultancy/
440,TOR NTFP Trianing,Consultancy,,http://wwf.org.pk/eoffice/consultancy/consultupload/440-81194-TOR-NTFP Trianing_V1.1 (2).pdf,https://forms.office.com/e/sxNStCNxPM,https://wwf.org.pk/consultancy/
439,TORs Training on sustainable financial managment,Training,,http://wwf.org.pk/eoffice/consultancy/consultupload/439-88766-TORs-Training on sustainable financial managment_V1.1 (1).pdf,https://forms.office.com/e/sxNStCNxPM,https://wwf.org.pk/consultancy/
438,"TOR Baseline Assessment of Indigenous Grasses, shrubs, and sedges for Ecosystem Restoration Planning WRAP Project",Assessment/Study,,"http://wwf.org.pk/eoffice/consultancy/consultupload/438-60936-TOR-Baseline Assessment of Indigenous Grasses, shrubs, and sedges for Ecosystem Restoration Planning-WRAP Project.pdf",https://forms.office.com/e/sxNStCNxPM,https://wwf.org.pk/consultancy/
437,RFP BMZ Awareness Events with communities,General,,http://wwf.org.pk/eoffice/consultancy/consultupload/437-34926-RFP_BMZ_Awareness Events with communities.pdf,https://forms.office.com/e/sxNStCNxPM,https://wwf.org.pk/consultancy/
436,TOR Leadership Excellence,Consultancy,,http://wwf.org.pk/eoffice/consultancy/consultupload/436-36683-TOR-Leadership Excellence.pdf,https://forms.office.com/e/sxNStCNxPM,https://wwf.org.pk/consultancy/
435,HSSE training TORs,Training,,http://wwf.org.pk/eoffice/consultancy/consultupload/435-20262-HSSE training TORs.pdf,https://forms.office.com/e/sxNStCNxPM,https://wwf.org.pk/consultancy/
434,RFP Revised,General,,http://wwf.org.pk/eoffice/consultancy/consultupload/434-88459-RFP_Revised.pdf,https://forms.office.com/e/sxNStCNxPM,https://wwf.org.pk/consultancy/
433,Final TOR VFM Softwear 4.6.2024,Consultancy,,http://wwf.org.pk/eoffice/consultancy/consultupload/433-90950-Final TOR VFM Softwear 4.6.2024.pdf,https://forms.office.com/e/sxNStCNxPM,https://wwf.org.pk/consultancy/
432,RFP BMZ TrainingLinkage development 2024 Khi Final (2),Training,,http://wwf.org.pk/eoffice/consultancy/consultupload/432-65585-RFP_BMZ_TrainingLinkage development_ 2024-Khi_Final (2) (1).pdf,https://forms.office.com/e/sxNStCNxPM,https://wwf.org.pk/consultancy/
431,Livestock management TOR(2),Consultancy,,http://wwf.org.pk/eoffice/consultancy/consultupload/431-59277-Livestock management TOR(2) (2).pdf,https://forms.office.com/e/sxNStCNxPM,https://wwf.org.pk/consultancy/
430,RFP CQI and IRCA Certified ISO 14001 2015 Lead AuditorTraining,Audit,,http://wwf.org.pk/eoffice/consultancy/consultupload/430-11848-RFP_CQI and IRCA Certified ISO 14001-2015 Lead AuditorTraining (1).pdf,https://forms.office.com/e/sxNStCNxPM,https://wwf.org.pk/consultancy/
429,ToRs Desigining Winter Road Ecology Report,Consultancy,,http://wwf.org.pk/eoffice/consultancy/consultupload/429-74041-ToRs_Desigining Winter Road Ecology Report.pdf,https://forms.office.com/e/sxNStCNxPM,https://wwf.org.pk/consultancy/
428,2.TOR TU Dresden,Consultancy,,http://wwf.org.pk/eoffice/consultancy/consultupload/428-83935-2.TOR-TU Dresden.pdf,https://forms.office.com/e/sxNStCNxPM,https://wwf.org.pk/consultancy/
427,TORs Organic cotton production impact assessment consultancy,Assessment/Study,,http://wwf.org.pk/eoffice/consultancy/consultupload/427-87694-TORs-Organic cotton production impact assessment consultancy.pdf,https://forms.office.com/e/sxNStCNxPM,https://wwf.org.pk/consultancy/
426,TOR People Management Tool Kit,Consultancy,,http://wwf.org.pk/eoffice/consultancy/consultupload/426-78307-TOR - People Management Tool Kit.pdf,https://forms.office.com/e/sxNStCNxPM,https://wwf.org.pk/consultancy/
425,TOR Trianing on BMPs,Consultancy,,http://wwf.org.pk/eoffice/consultancy/consultupload/425-94598-TOR-Trianing on BMPs (1).pdf,https://forms.office.com/e/sxNStCNxPM,https://wwf.org.pk/consultancy/
424,Structuring of Green Financing Instruments Updated,General,,http://wwf.org.pk/eoffice/consultancy/consultupload/424-35838-Structuring of Green Financing Instruments_Updated.pdf,https://forms.office.com/e/sxNStCNxPM,https://wwf.org.pk/consultancy/
423,TOR Leadership Training For Emerging Leaders,Training,,http://wwf.org.pk/eoffice/consultancy/consultupload/423-95868-TOR-Leadership Training For Emerging Leaders.pdf,https://forms.office.com/e/sxNStCNxPM,https://wwf.org.pk/consultancy/
422,RFP of Hydrogeological Study for AWS Standard Implementation in Landhi and Korangi Industrial Area of Karachi.,Assessment/Study,Karachi,http://wwf.org.pk/eoffice/consultancy/consultupload/422-94589-RFP of Hydrogeological Study for AWS Standard Implementation in Landhi and Korangi Industrial Area of Karachi..pdf,https://forms.office.com/e/sxNStCNxPM,https://wwf.org.pk/consultancy/
421,Design of Ecotourism Plan and Ecotourism Training Manual,Training,,http://wwf.org.pk/eoffice/consultancy/consultupload/421-15495-Design of Ecotourism Plan and Ecotourism Training Manual.pdf,https://forms.office.com/e/sxNStCNxPM,https://wwf.org.pk/consultancy/
420,RFP BEPA LAB ASSESSMENT 02042024,Assessment/Study,,http://wwf.org.pk/eoffice/consultancy/consultupload/420-87998-RFP_BEPA LAB ASSESSMENT_02042024.pdf,https://forms.office.com/e/sxNStCNxPM,https://wwf.org.pk/consultancy/
419,TORs for Structural design APWASI,Consultancy,,http://wwf.org.pk/eoffice/consultancy/consultupload/419-84094-TORs for Structural design_APWASI.pdf,https://forms.office.com/e/sxNStCNxPM,https://wwf.org.pk/consultancy/
418,TORs DRR stories and case studies new,Consultancy,,http://wwf.org.pk/eoffice/consultancy/consultupload/418-22411-TORs-DRR stories and case studies new (1).pdf,https://forms.office.com/e/sxNStCNxPM,https://wwf.org.pk/consultancy/
417,TORs Climate smart projects assessment consultancy,Assessment/Study,,http://wwf.org.pk/eoffice/consultancy/consultupload/417-96515-TORs-Climate smart projects assessment consultancy (1).pdf,https://forms.office.com/e/sxNStCNxPM,https://wwf.org.pk/consultancy/
416,ToRs Annual Financial Audit BMZII 2023,Audit,,http://wwf.org.pk/eoffice/consultancy/consultupload/416-31533-ToRs_Annual Financial Audit BMZII 2023.pdf,https://forms.office.com/e/sxNStCNxPM,https://wwf.org.pk/consultancy/
415,RFP of Hydrogeological Study for AWS Standard Implementation in Landhi and Korangi Industrial Area of Karachi.,Assessment/Study,Karachi,http://wwf.org.pk/eoffice/consultancy/consultupload/415-82707-RFP of Hydrogeological Study for AWS Standard Implementation in Landhi and Korangi Industrial Area of Karachi..pdf,https://forms.office.com/e/sxNStCNxPM,https://wwf.org.pk/consultancy/
414,WSC training ToRs,Training,,http://wwf.org.pk/eoffice/consultancy/consultupload/414-70173-WSC training ToRs_final.pdf,https://forms.office.com/e/sxNStCNxPM,https://wwf.org.pk/consultancy/
412,TORs Consultancy GroundWater Quality Assessment and Indexing,Assessment/Study,,http://wwf.org.pk/eoffice/consultancy/consultupload/412-8259-TORs Consultancy GroundWater Quality Assessment and Indexing.pdf,https://forms.office.com/e/sxNStCNxPM,https://wwf.org.pk/consultancy/
411,FINAL TORs AVC Trainer for Pre and post harvest losses Training,Training,,http://wwf.org.pk/eoffice/consultancy/consultupload/411-56949-FINAL TORs_AVC Trainer for Pre and post harvest losses Training_V1.1 (1).pdf,https://forms.office.com/e/sxNStCNxPM,https://wwf.org.pk/consultancy/
410,Final ToRs for Internal Audit BTASP (sub),Audit,,http://wwf.org.pk/eoffice/consultancy/consultupload/410-83979-Final_ToRs for Internal Audit BTASP (sub).pdf,https://forms.office.com/e/sxNStCNxPM,https://wwf.org.pk/consultancy/
409,TOR Training on Sustainable and Green Building Design for Textile and Leather Industries.,Training,,http://wwf.org.pk/eoffice/consultancy/consultupload/409-23570-TOR-Training on Sustainable and Green Building Design for Textile and Leather Industries.  .pdf,https://forms.office.com/e/sxNStCNxPM,https://wwf.org.pk/consultancy/
408,Designing and Printing of Material,General,,http://wwf.org.pk/eoffice/consultancy/consultupload/408-83958-Designing and Printing of Material.pdf,https://forms.office.com/e/sxNStCNxPM,https://wwf.org.pk/consultancy/
407,RFP Comms material,General,,http://wwf.org.pk/eoffice/consultancy/consultupload/407-1536-RFP Comms material.pdf,https://forms.office.com/e/sxNStCNxPM,https://wwf.org.pk/consultancy/
406,TOR Development of Annual Report (2023 2024) WRAP,Consultancy,,http://wwf.org.pk/eoffice/consultancy/consultupload/406-92617-TOR-Development of Annual Report (2023-2024)-WRAP.pdf,https://forms.office.com/e/sxNStCNxPM,https://wwf.org.pk/consultancy/
405,RFP for Consultancy services of Cluster based Water filtration Unit,Consultancy,,http://wwf.org.pk/eoffice/consultancy/consultupload/405-39665-RFP for Consultancy services  of Cluster-based Water filtration Unit Final (2).pdf,https://forms.office.com/e/sxNStCNxPM,https://wwf.org.pk/consultancy/
404,2.TOR ToT on WASH,Consultancy,,http://wwf.org.pk/eoffice/consultancy/consultupload/404-93921-2.TOR - ToT on WASH.pdf,https://forms.office.com/e/sxNStCNxPM,https://wwf.org.pk/consultancy/
403,TORs for AWS Documentary ILES,Consultancy,,http://wwf.org.pk/eoffice/consultancy/consultupload/403-97385-TORs for AWS Documentary_ILES (1).pdf,https://forms.office.com/e/sxNStCNxPM,https://wwf.org.pk/consultancy/
401,RFP for training on onfarm management of lcrops and improved water productivity for fruit orchards,Training,,http://wwf.org.pk/eoffice/consultancy/consultupload/401-80713-RFP for training on onfarm management of lcrops and improved water productivity for fruit orchards.pdf,https://forms.office.com/e/sxNStCNxPM,https://wwf.org.pk/consultancy/
400,1. RFP ILES Balochistan Situation Analysis 2023 2024 Khi,General,Balochistan,http://wwf.org.pk/eoffice/consultancy/consultupload/400-37094-1. RFP_ILES_Balochistan_Situation Analysis_2023-2024_Khi (1).pdf,https://forms.office.com/e/sxNStCNxPM,https://wwf.org.pk/consultancy/
399,RFP EPD Field Staff Training (HY 06 Feb 24),Training,,http://wwf.org.pk/eoffice/consultancy/consultupload/399-82475-RFP-EPD Field Staff Training (HY 06-Feb-24).pdf,https://forms.office.com/e/sxNStCNxPM,https://wwf.org.pk/consultancy/
398,TORs for ILES Documentary IK,Consultancy,,http://wwf.org.pk/eoffice/consultancy/consultupload/398-57693-TORs for ILES Documentary_IK.pdf,https://forms.office.com/e/sxNStCNxPM,https://wwf.org.pk/consultancy/
397,ToRs for Validation Workshops Gender in IWT,Consultancy,,http://wwf.org.pk/eoffice/consultancy/consultupload/397-35040-ToRs for Validation Workshops_ Gender in IWT.pdf,https://forms.office.com/e/sxNStCNxPM,https://wwf.org.pk/consultancy/
396,2.TOR GRI Sustainability Reporting in 05 Textile and Leather Enterprises across Pakistan,Consultancy,,http://wwf.org.pk/eoffice/consultancy/consultupload/396-36741-2.TOR- GRI Sustainability Reporting in 05 Textile and Leather Enterprises across Pakistan_.pdf,https://forms.office.com/e/sxNStCNxPM,https://wwf.org.pk/consultancy/
395,ZDHC CMS TIG Training TORs,Training,,http://wwf.org.pk/eoffice/consultancy/consultupload/395-20822-ZDHC CMS TIG Training - TORs.pdf,https://forms.office.com/e/sxNStCNxPM,https://wwf.org.pk/consultancy/
394,TOR Environmental and Energy Audits in Textile,Audit,,http://wwf.org.pk/eoffice/consultancy/consultupload/394-27773-TOR-Environmental and Energy Audits in Textile.pdf,https://forms.office.com/e/sxNStCNxPM,https://wwf.org.pk/consultancy/
393,2.TOR Situational Analysis of Air Quality of Lahore,Consultancy,Lahore,http://wwf.org.pk/eoffice/consultancy/consultupload/393-1739-2.TOR-Situational Analysis of Air Quality of Lahore.pdf,https://forms.office.com/e/sxNStCNxPM,https://wwf.org.pk/consultancy/
392,RFP External Audit,Audit,,http://wwf.org.pk/eoffice/consultancy/consultupload/392-2743-RFP-External Audit.pdf,https://forms.office.com/e/sxNStCNxPM,https://wwf.org.pk/consultancy/
391,ToRs Vessels GHG,Consultancy,,http://wwf.org.pk/eoffice/consultancy/consultupload/391-30864-ToRs_Vessels GHG.pdf,https://forms.office.com/e/sxNStCNxPM,https://wwf.org.pk/consultancy/
390,RFP BMZ TrainingPost harvest losses 2024 Khi,Training,,http://wwf.org.pk/eoffice/consultancy/consultupload/390-18403-RFP_BMZ_TrainingPost harvest losses_ 2024-Khi_Final (1).pdf,https://forms.office.com/e/sxNStCNxPM,https://wwf.org.pk/consultancy/
389,TOR Cluster Hunza 15012023,Consultancy,,http://wwf.org.pk/eoffice/consultancy/consultupload/389-67464-TOR-Cluster-Hunza 15012023 (2).pdf,https://forms.office.com/e/sxNStCNxPM,https://wwf.org.pk/consultancy/
388,TOR Cluster Hunza 15012023,Consultancy,,http://wwf.org.pk/eoffice/consultancy/consultupload/388-64230-TOR-Cluster-Hunza 15012023 (2).pdf,https://forms.office.com/e/sxNStCNxPM,https://wwf.org.pk/consultancy/
387,RFP Developing Awareness raisining material in digital form (3),General,,http://wwf.org.pk/eoffice/consultancy/consultupload/387-51612-RFP-Developing Awareness raisining material in digital form (3) (1).pdf,https://forms.office.com/e/sxNStCNxPM,https://wwf.org.pk/consultancy/
386,APWASI Animation ToRs,Consultancy,,http://wwf.org.pk/eoffice/consultancy/consultupload/386-91559-APWASI Animation ToRs (2024).pdf,https://forms.office.com/e/sxNStCNxPM,https://wwf.org.pk/consultancy/
385,1 RFP SBTi ILES Khi,General,,http://wwf.org.pk/eoffice/consultancy/consultupload/385-85295-1 RFP_SBTi_ILES_Khi.pdf,https://forms.office.com/e/sxNStCNxPM,https://wwf.org.pk/consultancy/
384,TOR Follow up audits,Audit,,http://wwf.org.pk/eoffice/consultancy/consultupload/384-98689-TOR-Follow-up audits  (1).pdf,https://forms.office.com/e/sxNStCNxPM,https://wwf.org.pk/consultancy/
383,TORs TCCF Baloki Brrage,Consultancy,,http://wwf.org.pk/eoffice/consultancy/consultupload/383-18961-TORs-TCCF-Baloki Brrage.pdf,https://forms.office.com/e/sxNStCNxPM,https://wwf.org.pk/consultancy/
382,ToRs Wash DRR,Consultancy,,http://wwf.org.pk/eoffice/consultancy/consultupload/382-27448-ToRs Wash DRR.pdf,https://forms.office.com/e/sxNStCNxPM,https://wwf.org.pk/consultancy/
381,1. RFP ILES SEPA Data Digitization 2023 2024 Khi,General,,http://wwf.org.pk/eoffice/consultancy/consultupload/381-44270-1. RFP_ILES_SEPA_Data Digitization 2023-2024_Khi_Final.pdf,https://forms.office.com/e/sxNStCNxPM,https://wwf.org.pk/consultancy/
380,TOR Transparency and Traceability in Leather Supply Chain of Pakistan,Consultancy,,http://wwf.org.pk/eoffice/consultancy/consultupload/380-25168-TOR-Transparency and Traceability in Leather Supply Chain of Pakistan.pdf,https://forms.office.com/e/sxNStCNxPM,https://wwf.org.pk/consultancy/
379,2.TORs ETP Operators Capacity Building,Consultancy,,http://wwf.org.pk/eoffice/consultancy/consultupload/379-8049-2.TORs-ETP Operators Capacity Building.pdf,https://forms.office.com/e/sxNStCNxPM,https://wwf.org.pk/consultancy/
378,2.TOR Format,Consultancy,,http://wwf.org.pk/eoffice/consultancy/consultupload/378-47036-2.TOR-Format (1).pdf,https://forms.office.com/e/sxNStCNxPM,https://wwf.org.pk/consultancy/
377,Decontamination of Tannery Sites ToRs,Consultancy,,http://wwf.org.pk/eoffice/consultancy/consultupload/377-79708-Decontamination of Tannery Sites ToRs.pdf,https://forms.office.com/e/sxNStCNxPM,https://wwf.org.pk/consultancy/
376,2.TOR Taunsa Center Revamping,Consultancy,,http://wwf.org.pk/eoffice/consultancy/consultupload/376-19030-2.TOR-Taunsa Center Revamping.pdf,https://forms.office.com/e/sxNStCNxPM,https://wwf.org.pk/consultancy/
375,2.TOR REACH,Consultancy,,http://wwf.org.pk/eoffice/consultancy/consultupload/375-17800-2.TOR- REACH.pdf,https://forms.office.com/e/sxNStCNxPM,https://wwf.org.pk/consultancy/
374,1. RFP ILES Water Recycling 2023 2024,General,,http://wwf.org.pk/eoffice/consultancy/consultupload/374-58220-1. RFP_ILES_Water Recycling_2023-2024.pdf,https://forms.office.com/e/sxNStCNxPM,https://wwf.org.pk/consultancy/
373,TOR Study on Recharge wells,Assessment/Study,,http://wwf.org.pk/eoffice/consultancy/consultupload/373-63702-TOR-Study on Recharge wells.pdf,https://forms.office.com/e/sxNStCNxPM,https://wwf.org.pk/consultancy/
371,Ranger Gender Gap Assessment ToRs,Assessment/Study,,http://wwf.org.pk/eoffice/consultancy/consultupload/371-91481-Ranger Gender Gap Assessment _ToRs_Final.pdf,https://forms.office.com/e/sxNStCNxPM,https://wwf.org.pk/consultancy/
370,RFP consultancy service wwf 22 5 23 ESSF design,Consultancy,,http://wwf.org.pk/eoffice/consultancy/consultupload/370-97892-RFP-consultancy_service_wwf_22-5-23_ESSF design (1).pdf,https://forms.office.com/e/sxNStCNxPM,https://wwf.org.pk/consultancy/
369,RFP Consultancy for Collection of Success stories and lesson learnt,Consultancy,,http://wwf.org.pk/eoffice/consultancy/consultupload/369-2612-RFP-Consultancy for Collection of Success stories and lesson learnt (1).pdf,https://forms.office.com/e/sxNStCNxPM,https://wwf.org.pk/consultancy/
367,RFP for training on fish farming,Training,,http://wwf.org.pk/eoffice/consultancy/consultupload/367-40573-RFP for training on fish farming.pdf,https://forms.office.com/e/sxNStCNxPM,https://wwf.org.pk/consultancy/
366,RFP for training on honey bee keeping and processing,Training,,http://wwf.org.pk/eoffice/consultancy/consultupload/366-68616-RFP for training on honey bee keeping and processing.pdf,https://forms.office.com/e/sxNStCNxPM,https://wwf.org.pk/consultancy/
365,RFP for training in off seasonal tunnel farming,Training,,http://wwf.org.pk/eoffice/consultancy/consultupload/365-52289-RFP for training in off seasonal tunnel farming.pdf,https://forms.office.com/e/sxNStCNxPM,https://wwf.org.pk/consultancy/
364,"RFP Consultancy for HHPs, alternatives and IPM Better Cotton Punjab Project",Consultancy,Punjab,"http://wwf.org.pk/eoffice/consultancy/consultupload/364-17544-RFP- Consultancy for HHPs, alternatives and IPM-Better Cotton Punjab Project.pdf",https://forms.office.com/e/sxNStCNxPM,https://wwf.org.pk/consultancy/
363,TORs External MTE of WRAP,Consultancy,,http://wwf.org.pk/eoffice/consultancy/consultupload/363-77870-TORs-External MTE of WRAP.pdf,https://forms.office.com/e/sxNStCNxPM,https://wwf.org.pk/consultancy/
362,VRA DRR Project ToRs,Consultancy,,http://wwf.org.pk/eoffice/consultancy/consultupload/362-78114-VRA-DRR Project - ToRs.pdf,https://forms.office.com/e/sxNStCNxPM,https://wwf.org.pk/consultancy/
361,TORs SDGs & MEAs Dashboard,Consultancy,,http://wwf.org.pk/eoffice/consultancy/consultupload/361-97066-TORs-SDGs & MEAs Dashboard.pdf,https://forms.office.com/e/sxNStCNxPM,https://wwf.org.pk/consultancy/
360,RFP Trainer for Hygiene Promotion Training,Training,,http://wwf.org.pk/eoffice/consultancy/consultupload/360-33269-RFP-Trainer for Hygiene Promotion Training (2).pdf,https://forms.office.com/e/sxNStCNxPM,https://wwf.org.pk/consultancy/
359,RFP Local consultancy NPOA cetacean,Consultancy,,http://wwf.org.pk/eoffice/consultancy/consultupload/359-7887-RFP- Local consultancy NPOA cetacean.pdf,https://forms.office.com/e/sxNStCNxPM,https://wwf.org.pk/consultancy/
358,RFP consultancy New Website Farmers,Consultancy,,http://wwf.org.pk/eoffice/consultancy/consultupload/358-92579-RFP-consultancy New Website-Farmers.pdf,https://forms.office.com/e/sxNStCNxPM,https://wwf.org.pk/consultancy/
357,RFP consultancy New Website Community,Consultancy,,http://wwf.org.pk/eoffice/consultancy/consultupload/357-10739-RFP-consultancy New Website- Community.pdf,https://forms.office.com/e/sxNStCNxPM,https://wwf.org.pk/consultancy/
356,Consultancy ToRs of Hygiene sessions,Consultancy,,http://wwf.org.pk/eoffice/consultancy/consultupload/356-43292-Consultancy ToRs of Hygiene sessions.pdf,https://forms.office.com/e/sxNStCNxPM,https://wwf.org.pk/consultancy/
355,RFP consultancy New LLG Consultant,Consultancy,,http://wwf.org.pk/eoffice/consultancy/consultupload/355-28477-RFP-consultancy New LLG Consultant.pdf,https://forms.office.com/e/sxNStCNxPM,https://wwf.org.pk/consultancy/
354,RFP consultancy RiverHealth Report (ToRs) Revised,Consultancy,,http://wwf.org.pk/eoffice/consultancy/consultupload/354-22658-RFP-consultancy RiverHealth Report (ToRs) Revised.pdf,https://forms.office.com/e/sxNStCNxPM,https://wwf.org.pk/consultancy/
353,WWF Consultancy Water Quality,Consultancy,,http://wwf.org.pk/eoffice/consultancy/consultupload/353-78521-WWF Consultancy_Water Quality.pdf,https://forms.office.com/e/sxNStCNxPM,https://wwf.org.pk/consultancy/
350,RFP consultancy Updated Coca Cola,Consultancy,,http://wwf.org.pk/eoffice/consultancy/consultupload/350-87329-RFP-consultancy Updated Coca Cola.pdf,https://forms.office.com/e/sxNStCNxPM,https://wwf.org.pk/consultancy/
349,RFP consultancy TORs,Consultancy,,http://wwf.org.pk/eoffice/consultancy/consultupload/349-23449-RFP-consultancy TORs.pdf,https://forms.office.com/e/sxNStCNxPM,https://wwf.org.pk/consultancy/
348,Gender IWT ToRs,Consultancy,,http://wwf.org.pk/eoffice/consultancy/consultupload/348-20289-Gender IWT_ ToRs-Final.pdf,https://forms.office.com/e/sxNStCNxPM,https://wwf.org.pk/consultancy/
347,Draft TORs for Rangers short Documentary,Consultancy,,http://wwf.org.pk/eoffice/consultancy/consultupload/347-11550-Draft TORs for Rangers short Documentary.pdf,https://forms.office.com/e/sxNStCNxPM,https://wwf.org.pk/consultancy/
346,Performance anlaysis,General,,http://wwf.org.pk/eoffice/consultancy/consultupload/346-63307-Performance anlaysis.pdf,https://forms.office.com/e/sxNStCNxPM,https://wwf.org.pk/consultancy/
345,TORs for preparation of Training Manuals,Training,,http://wwf.org.pk/eoffice/consultancy/consultupload/345-6847-TORs for preparation of Training Manuals.pdf,https://forms.office.com/e/sxNStCNxPM,https://wwf.org.pk/consultancy/
344,TOR Dolphin Toolkit Final14Sep,Consultancy,,http://wwf.org.pk/eoffice/consultancy/consultupload/344-47082-TOR-Dolphin Toolkit_Final14Sep.pdf,https://forms.office.com/e/sxNStCNxPM,https://wwf.org.pk/consultancy/
343,RFP consultancy for SEE Impact Report of ILES,Consultancy,,http://wwf.org.pk/eoffice/consultancy/consultupload/343-17368-RFP-consultancy for SEE Impact Report of ILES.pdf,https://forms.office.com/e/sxNStCNxPM,https://wwf.org.pk/consultancy/
342,Content Development Spellathon,General,,http://wwf.org.pk/eoffice/consultancy/consultupload/342-78042-Content Development Spellathon.pdf,https://forms.office.com/e/sxNStCNxPM,https://wwf.org.pk/consultancy/
341,Content Development Designer Spellathon,General,,http://wwf.org.pk/eoffice/consultancy/consultupload/341-90749-Content Development Designer Spellathon.pdf,https://forms.office.com/e/sxNStCNxPM,https://wwf.org.pk/consultancy/
340,TOR Skill development,Consultancy,,http://wwf.org.pk/eoffice/consultancy/consultupload/340-58917-TOR-Skill development.pdf,https://forms.office.com/e/sxNStCNxPM,https://wwf.org.pk/consultancy/
339,TOR Climate Change Adaptation Plans GB,Consultancy,GB,http://wwf.org.pk/eoffice/consultancy/consultupload/339-40755-TOR - Climate Change Adaptation Plans GB.pdf,https://forms.office.com/e/sxNStCNxPM,https://wwf.org.pk/consultancy/
338,TORs web,Consultancy,,http://wwf.org.pk/eoffice/consultancy/consultupload/338-48609-TORs web.pdf,https://forms.office.com/e/sxNStCNxPM,https://wwf.org.pk/consultancy/
337,SMART Case Study ToRs revised MW,Assessment/Study,,http://wwf.org.pk/eoffice/consultancy/consultupload/337-62985-SMART Case Study _ToRs_revised MW.pdf,https://forms.office.com/e/sxNStCNxPM,https://wwf.org.pk/consultancy/
336,RFP Short Documentery consultancy,Consultancy,,http://wwf.org.pk/eoffice/consultancy/consultupload/336-11736-RFP-Short Documentery-consultancy .pdf,https://forms.office.com/e/sxNStCNxPM,https://wwf.org.pk/consultancy/
335,RFP Gender Story consultancy,Consultancy,,http://wwf.org.pk/eoffice/consultancy/consultupload/335-43434-RFP-Gender Story-consultancy.pdf,https://forms.office.com/e/sxNStCNxPM,https://wwf.org.pk/consultancy/
334,RFP Gender Story consultancy New Website (1) (1),Consultancy,,http://wwf.org.pk/eoffice/consultancy/consultupload/334-2141-RFP-Gender Story-consultancy New Website (1) (1) (1).pdf,https://forms.office.com/e/sxNStCNxPM,https://wwf.org.pk/consultancy/
333,RFP consultancy for training on EU standards,Training,,http://wwf.org.pk/eoffice/consultancy/consultupload/333-4596-RFP-consultancy for training on EU standards.pdf,https://forms.office.com/e/sxNStCNxPM,https://wwf.org.pk/consultancy/
332,RFP consultancy New Website,Consultancy,,http://wwf.org.pk/eoffice/consultancy/consultupload/332-72763-RFP-consultancy New Website.pdf,https://forms.office.com/e/sxNStCNxPM,https://wwf.org.pk/consultancy/
331,RFP Mammologist,GIS/Mapping,,http://wwf.org.pk/eoffice/consultancy/consultupload/331-5782-RFP-Mammologist.pdf,https://forms.office.com/e/sxNStCNxPM,https://wwf.org.pk/consultancy/
330,RFP Hydrologist,GIS/Mapping,,http://wwf.org.pk/eoffice/consultancy/consultupload/330-92908-RFP-Hydrologist.pdf,https://forms.office.com/e/sxNStCNxPM,https://wwf.org.pk/consultancy/
329,RFP Herpetologist,GIS/Mapping,,http://wwf.org.pk/eoffice/consultancy/consultupload/329-34283-RFP -Herpetologist.pdf,https://forms.office.com/e/sxNStCNxPM,https://wwf.org.pk/consultancy/
328,RFP Botanist,General,,http://wwf.org.pk/eoffice/consultancy/consultupload/328-27223-RFP-Botanist.pdf,https://forms.office.com/e/sxNStCNxPM,https://wwf.org.pk/consultancy/
327,RFP Aquatic Ecologist,GIS/Mapping,,http://wwf.org.pk/eoffice/consultancy/consultupload/327-26549-RFP -Aquatic Ecologist.pdf,https://forms.office.com/e/sxNStCNxPM,https://wwf.org.pk/consultancy/
326,RFP consultancy New Website,Consultancy,,http://wwf.org.pk/eoffice/consultancy/consultupload/326-69509-RFP-consultancy New Website.pdf,https://forms.office.com/e/sxNStCNxPM,https://wwf.org.pk/consultancy/
325,RFP consultancy New Website,Consultancy,,http://wwf.org.pk/eoffice/consultancy/consultupload/325-58186-RFP-consultancy New Website.pdf,https://forms.office.com/e/sxNStCNxPM,https://wwf.org.pk/consultancy/
324,RFP consultancy New Website (1) (1),Consultancy,,http://wwf.org.pk/eoffice/consultancy/consultupload/324-20710-RFP-consultancy New Website (1) (1) (1).pdf,https://forms.office.com/e/sxNStCNxPM,https://wwf.org.pk/consultancy/
323,RFP consultancy New Website (1) (1),Consultancy,,http://wwf.org.pk/eoffice/consultancy/consultupload/323-79706-RFP-consultancy New Website (1) (1) (1).pdf,https://forms.office.com/e/sxNStCNxPM,https://wwf.org.pk/consultancy/
322,RFP consultancy New Website,Consultancy,,http://wwf.org.pk/eoffice/consultancy/consultupload/322-60648-RFP-consultancy New Website.pdf,https://forms.office.com/e/sxNStCNxPM,https://wwf.org.pk/consultancy/
321,RFP consultancy service wwf Captain W,Consultancy,,http://wwf.org.pk/eoffice/consultancy/consultupload/321-28631-RFP-consultancy_service_wwf_Captain W (1).pdf,https://forms.office.com/e/sxNStCNxPM,https://wwf.org.pk/consultancy/
320,RFP Online Course on SEMPs,General,,http://wwf.org.pk/eoffice/consultancy/consultupload/320-83953-RFP-Online Course on SEMPs v0.1.pdf,https://forms.office.com/e/sxNStCNxPM,https://wwf.org.pk/consultancy/
319,RFP for Gap Assessment of Recycling Industry,Assessment/Study,,http://wwf.org.pk/eoffice/consultancy/consultupload/319-60221-RFP for Gap Assessment of Recycling Industry v0.1.pdf,https://forms.office.com/e/sxNStCNxPM,https://wwf.org.pk/consultancy/
318,RFP consultancy New Website (1) (1),Consultancy,,http://wwf.org.pk/eoffice/consultancy/consultupload/318-56547-RFP-consultancy New Website (1) (1) (1).pdf,https://forms.office.com/e/sxNStCNxPM,https://wwf.org.pk/consultancy/
317,RFP consultancy New Website,Consultancy,,http://wwf.org.pk/eoffice/consultancy/consultupload/317-33223-RFP-consultancy New Website.pdf,https://forms.office.com/e/sxNStCNxPM,https://wwf.org.pk/consultancy/
316,RFP consultancy New Website (1) (1),Consultancy,,http://wwf.org.pk/eoffice/consultancy/consultupload/316-37388-RFP-consultancy New Website (1) (1) (1).pdf,https://forms.office.com/e/sxNStCNxPM,https://wwf.org.pk/consultancy/
315,RFP consultancy New Website (1) (1),Consultancy,,http://wwf.org.pk/eoffice/consultancy/consultupload/315-68401-RFP-consultancy New Website (1) (1) (1).pdf,https://forms.office.com/e/sxNStCNxPM,https://wwf.org.pk/consultancy/
314,RFP consultancy,Consultancy,,http://wwf.org.pk/eoffice/consultancy/consultupload/314-71491-RFP-consultancy Final.pdf,https://forms.office.com/e/sxNStCNxPM,https://wwf.org.pk/consultancy/
313,RFP consultancy New Website (1),Consultancy,,http://wwf.org.pk/eoffice/consultancy/consultupload/313-4566-RFP-consultancy New Website (1) (1).pdf,https://forms.office.com/e/sxNStCNxPM,https://wwf.org.pk/consultancy/
312,RFP consultancy New Website,Consultancy,,http://wwf.org.pk/eoffice/consultancy/consultupload/312-86089-RFP-consultancy New Website (1).pdf,https://forms.office.com/e/sxNStCNxPM,https://wwf.org.pk/consultancy/
311,WWF Pak TORs Website Training,Training,,http://wwf.org.pk/eoffice/consultancy/consultupload/311-92873-WWF -Pak TORs- Website- Training.pdf,https://forms.office.com/e/sxNStCNxPM,https://wwf.org.pk/consultancy/
308,WWF Pak TORs Website,Consultancy,,http://wwf.org.pk/eoffice/consultancy/consultupload/308-20697-WWF -Pak TORs- Website.pdf,https://forms.office.com/e/sxNStCNxPM,https://wwf.org.pk/consultancy/
307,WWF Pak TORs 3rd partyr Website,Consultancy,,http://wwf.org.pk/eoffice/consultancy/consultupload/307-48322-WWF -Pak TORs- 3rd partyr- -Website (1).pdf,https://forms.office.com/e/sxNStCNxPM,https://wwf.org.pk/consultancy/
306,WWF Pak TORs Study on situational Analysis of Water Website,Assessment/Study,,http://wwf.org.pk/eoffice/consultancy/consultupload/306-3260-WWF -Pak TORs- Study on situational Analysis of Water- -Website (1).pdf,https://forms.office.com/e/sxNStCNxPM,https://wwf.org.pk/consultancy/
305,WWF Pak TORs Ecotourism Website,Consultancy,,http://wwf.org.pk/eoffice/consultancy/consultupload/305-25339-WWF -Pak TORs Ecotourism-Website (1).pdf,https://forms.office.com/e/sxNStCNxPM,https://wwf.org.pk/consultancy/
304,RFP consultancy New Website,Consultancy,,http://wwf.org.pk/eoffice/consultancy/consultupload/304-46800-RFP-consultancy New Website.pdf,https://forms.office.com/e/sxNStCNxPM,https://wwf.org.pk/consultancy/
303,WWF Pak TORs Website,Consultancy,,http://wwf.org.pk/eoffice/consultancy/consultupload/303-33113-WWF -Pak TORs Website.pdf,https://forms.office.com/e/sxNStCNxPM,https://wwf.org.pk/consultancy/
302,Terms of Reference Chemical Audits,Audit,,http://wwf.org.pk/eoffice/consultancy/consultupload/302-19546-Terms of Reference - Chemical Audits Final (1).pdf,https://forms.office.com/e/sxNStCNxPM,https://wwf.org.pk/consultancy/
301,WWFPAK Training Textiles Water Stewardship ToRs,Training,,http://wwf.org.pk/eoffice/consultancy/consultupload/301-59919-WWFPAK_Training_Textiles_Water Stewardship_ToRs - Copy.pdf,https://forms.office.com/e/sxNStCNxPM,https://wwf.org.pk/consultancy/
299,TORs for writing specialist annual report,Consultancy,,http://wwf.org.pk/eoffice/consultancy/consultupload/299-36633-TORs for writing specialist-annual report.pdf,https://forms.office.com/e/sxNStCNxPM,https://wwf.org.pk/consultancy/
298,ToRs Greenhouse Gas (GHG) Accounting and Analysis,Consultancy,,http://wwf.org.pk/eoffice/consultancy/consultupload/298-84531-ToRs - Greenhouse Gas (GHG) Accounting and Analysis.pdf,https://forms.office.com/e/sxNStCNxPM,https://wwf.org.pk/consultancy/
297,TOR HR,Consultancy,,http://wwf.org.pk/eoffice/consultancy/consultupload/297-18813-TOR HR.pdf,https://forms.office.com/e/sxNStCNxPM,https://wwf.org.pk/consultancy/
296,TOR for VfM 14.03.023,Consultancy,,http://wwf.org.pk/eoffice/consultancy/consultupload/296-61267-TOR for VfM- 14.03.023.pdf,https://forms.office.com/e/sxNStCNxPM,https://wwf.org.pk/consultancy/
295,TOR Develiping Monitoring Tools for implementation of NbS 14.03.023,Consultancy,,http://wwf.org.pk/eoffice/consultancy/consultupload/295-22888-TOR - Develiping Monitoring Tools for implementation of NbS 14.03.023.pdf,https://forms.office.com/e/sxNStCNxPM,https://wwf.org.pk/consultancy/
294,FTW Harvested Plants Management Terms of References (ToRs) for Consultant,Consultancy,,http://wwf.org.pk/eoffice/consultancy/consultupload/294-25580-FTW Harvested Plants Management-Terms of References (ToRs) for Consultant.pdf,https://forms.office.com/e/sxNStCNxPM,https://wwf.org.pk/consultancy/
293,TORs CA,Consultancy,,http://wwf.org.pk/eoffice/consultancy/consultupload/293-51778-TORs CA.pdf,https://forms.office.com/e/sxNStCNxPM,https://wwf.org.pk/consultancy/
292,TORs GIF External Audit 2022 23,Audit,,http://wwf.org.pk/eoffice/consultancy/consultupload/292-79951-TORs GIF External Audit 2022-23.pdf,https://forms.office.com/e/sxNStCNxPM,https://wwf.org.pk/consultancy/
291,ToRs Illustrator ACAI nak 03062023,Consultancy,,http://wwf.org.pk/eoffice/consultancy/consultupload/291-16598-ToRs_Illustrator_ACAI_nak_03062023.pdf,https://forms.office.com/e/sxNStCNxPM,https://wwf.org.pk/consultancy/
290,ToRs GISmapping,GIS/Mapping,,http://wwf.org.pk/eoffice/consultancy/consultupload/290-17592-ToRs_GISmapping.pdf,https://forms.office.com/e/sxNStCNxPM,https://wwf.org.pk/consultancy/
289,"Final ToRs,Impact Assessment of climate smart water conservation practices at the field level",Assessment/Study,,"http://wwf.org.pk/eoffice/consultancy/consultupload/289-1419-Final ToRs,Impact Assessment of climate-smart water conservation practices at the field level.pdf",https://forms.office.com/e/sxNStCNxPM,https://wwf.org.pk/consultancy/
288,TORs Devising Solution for Solid Waste Management Leather,Consultancy,,http://wwf.org.pk/eoffice/consultancy/consultupload/288-9608-TORs Devising Solution for Solid Waste Management - Leather.pdf,https://forms.office.com/e/sxNStCNxPM,https://wwf.org.pk/consultancy/
287,TORs. BMZ Audit,Audit,,http://wwf.org.pk/eoffice/consultancy/consultupload/287-37092-TORs. BMZ Audit.pdf,https://forms.office.com/e/sxNStCNxPM,https://wwf.org.pk/consultancy/
286,ToRs THIRD PARTY Validation,Consultancy,,http://wwf.org.pk/eoffice/consultancy/consultupload/286-45367-ToRs THIRD PARTY Validation.pdf,https://forms.office.com/e/sxNStCNxPM,https://wwf.org.pk/consultancy/
285,TORs for conducting study on groundwater recharge,Assessment/Study,,http://wwf.org.pk/eoffice/consultancy/consultupload/285-88256-TORs for conducting study on groundwater recharge.pdf,https://forms.office.com/e/sxNStCNxPM,https://wwf.org.pk/consultancy/
284,Consultancy Environmental Energy Audit ILES,Audit,,http://wwf.org.pk/eoffice/consultancy/consultupload/284-93329-Consultancy Environmental Energy Audit ILES .pdf,https://forms.office.com/e/sxNStCNxPM,https://wwf.org.pk/consultancy/
283,TORs Provision of locally made fuel efficient stoves,Consultancy,,http://wwf.org.pk/eoffice/consultancy/consultupload/283-11292-TORs Provision of locally-made fuel efficient stoves.pdf,https://forms.office.com/e/sxNStCNxPM,https://wwf.org.pk/consultancy/
282,TORs Assessment of adaptation level of harvest and post harvest practices among supply chain actors,Assessment/Study,,http://wwf.org.pk/eoffice/consultancy/consultupload/282-62268-TORs_Assessment of adaptation level of harvest and post-harvest practices among supply chain actors.pdf,https://forms.office.com/e/sxNStCNxPM,https://wwf.org.pk/consultancy/
281,Implementation of ZDHC in Textile and Leather,General,,http://wwf.org.pk/eoffice/consultancy/consultupload/281-46817-Implementation of ZDHC in Textile and Leather.pdf,https://forms.office.com/e/sxNStCNxPM,https://wwf.org.pk/consultancy/
280,ToR Specialized Textile handicraft Training,Training,,http://wwf.org.pk/eoffice/consultancy/consultupload/280-79006-ToR-Specialized Textile handicraft Training.pdf,https://forms.office.com/e/sxNStCNxPM,https://wwf.org.pk/consultancy/
279,Request for Proposals (TORs),Consultancy,,http://wwf.org.pk/eoffice/consultancy/consultupload/279-41461-Request for Proposals (TORs).pdf,https://forms.office.com/e/sxNStCNxPM,https://wwf.org.pk/consultancy/
277,ToRs Training of master trainers for FSS,Training,,http://wwf.org.pk/eoffice/consultancy/consultupload/277-47025-ToRs_Training of master trainers for FSS.pdf,https://forms.office.com/e/sxNStCNxPM,https://wwf.org.pk/consultancy/
276,Terms of Reference,General,,http://wwf.org.pk/eoffice/consultancy/consultupload/276-44704-Terms of Reference.pdf,https://forms.office.com/e/sxNStCNxPM,https://wwf.org.pk/consultancy/
275,TORs for Lab Testing of Samples for Determination of Carbon Content,Consultancy,,http://wwf.org.pk/eoffice/consultancy/consultupload/275-99908-TORs for Lab Testing of Samples for Determination of Carbon Content.pdf,https://forms.office.com/e/sxNStCNxPM,https://wwf.org.pk/consultancy/
274,TOR Arrange mobilization and awareness session RT SI Reviewed,Consultancy,,http://wwf.org.pk/eoffice/consultancy/consultupload/274-97379-TOR_Arrange mobilization and awareness session RT-SI-Reviewed.pdf,https://forms.office.com/e/sxNStCNxPM,https://wwf.org.pk/consultancy/
273,ToRs for Disaster Preparedness & Climate Change Adaptation Plans of Action V1 SI,Consultancy,,http://wwf.org.pk/eoffice/consultancy/consultupload/273-68871-ToRs for Disaster Preparedness & Climate Change Adaptation Plans of Action -V1_SI-Final.pdf,https://forms.office.com/e/sxNStCNxPM,https://wwf.org.pk/consultancy/
272,RMG Value addition study ToRs,Assessment/Study,,http://wwf.org.pk/eoffice/consultancy/consultupload/272-35642-RMG Value addition study-ToRs.pdf,https://forms.office.com/e/sxNStCNxPM,https://wwf.org.pk/consultancy/
271,TORs Transparency and Traceability in Leather Supply Chain of Pakistan,Consultancy,,http://wwf.org.pk/eoffice/consultancy/consultupload/271-49391-TORs  Transparency and Traceability in Leather Supply Chain of Pakistan.pdf,https://forms.office.com/e/sxNStCNxPM,https://wwf.org.pk/consultancy/
270,ToRs GIS Mapping BRI BEAST,GIS/Mapping,,http://wwf.org.pk/eoffice/consultancy/consultupload/270-36486-ToRs_GIS Mapping_BRI - BEAST.pdf,https://forms.office.com/e/sxNStCNxPM,https://wwf.org.pk/consultancy/
268,TORs GE FIlm,Consultancy,,http://wwf.org.pk/eoffice/consultancy/consultupload/268-69135-TORs -GE- FIlm.pdf,https://forms.office.com/e/sxNStCNxPM,https://wwf.org.pk/consultancy/
267,TORs Digital training manuals Web,Training,,http://wwf.org.pk/eoffice/consultancy/consultupload/267-64774-TORs_Digital training manuals Web.pdf,https://forms.office.com/e/sxNStCNxPM,https://wwf.org.pk/consultancy/
266,ToRsArtificial Egg Incubation OCP,Consultancy,,http://wwf.org.pk/eoffice/consultancy/consultupload/266-60595-ToRsArtificial Egg Incubation-OCP.pdf,https://forms.office.com/e/sxNStCNxPM,https://wwf.org.pk/consultancy/
